"","PaperTag","SMILES","MaxAbsEStateIndex","MaxEStateIndex","MinAbsEStateIndex","MinEStateIndex","qed","SPS","MolWt","HeavyAtomMolWt","ExactMolWt","NumValenceElectrons","MaxPartialCharge","MinPartialCharge","MaxAbsPartialCharge","MinAbsPartialCharge","FpDensityMorgan1","FpDensityMorgan2","FpDensityMorgan3","BCUT2D_MWHI","BCUT2D_MWLOW","BCUT2D_CHGHI","BCUT2D_CHGLO","BCUT2D_LOGPHI","BCUT2D_LOGPLOW","BCUT2D_MRHI","BCUT2D_MRLOW","AvgIpc","BalabanJ","BertzCT","Chi0","Chi0n","Chi0v","Chi1","Chi1n","Chi1v","Chi2n","Chi2v","Chi3n","Chi3v","Chi4n","Chi4v","HallKierAlpha","Ipc","Kappa1","Kappa2","Kappa3","LabuteASA","PEOE_VSA1","PEOE_VSA10","PEOE_VSA11","PEOE_VSA12","PEOE_VSA14","PEOE_VSA2","PEOE_VSA3","PEOE_VSA4","PEOE_VSA5","PEOE_VSA6","PEOE_VSA7","PEOE_VSA8","PEOE_VSA9","SMR_VSA1","SMR_VSA10","SMR_VSA2","SMR_VSA3","SMR_VSA4","SMR_VSA5","SMR_VSA6","SMR_VSA7","SMR_VSA9","SlogP_VSA1","SlogP_VSA10","SlogP_VSA11","SlogP_VSA12","SlogP_VSA2","SlogP_VSA3","SlogP_VSA4","SlogP_VSA5","SlogP_VSA6","SlogP_VSA7","SlogP_VSA8","TPSA","EState_VSA1","EState_VSA10","EState_VSA2","EState_VSA3","EState_VSA4","EState_VSA5","EState_VSA6","EState_VSA7","EState_VSA8","EState_VSA9","VSA_EState1","VSA_EState10","VSA_EState2","VSA_EState3","VSA_EState4","VSA_EState5","VSA_EState6","VSA_EState7","VSA_EState8","VSA_EState9","FractionCSP3","HeavyAtomCount","NHOHCount","NOCount","NumAliphaticCarbocycles","NumAliphaticHeterocycles","NumAliphaticRings","NumAromaticCarbocycles","NumAromaticHeterocycles","NumAromaticRings","NumAtomStereoCenters","NumHAcceptors","NumHDonors","NumHeteroatoms","NumHeterocycles","NumRotatableBonds","NumSaturatedCarbocycles","NumSaturatedHeterocycles","NumSaturatedRings","NumUnspecifiedAtomStereoCenters","Phi","RingCount","MolLogP","MolMR","fr_Ar_N","fr_Ar_OH","fr_C_O","fr_C_O_noCOO","fr_NH0","fr_alkyl_halide","fr_allylic_oxid","fr_aryl_methyl","fr_benzene","fr_bicyclic","fr_ester","fr_ether","fr_furan","fr_halogen","fr_imidazole","fr_ketone","fr_ketone_Topliss","fr_methoxy","fr_morpholine","fr_nitrile","fr_para_hydroxylation","fr_phenol","fr_phenol_noOrthoHbond","fr_pyridine","fr_sulfide","fr_thiazole","fr_thiophene","class"
"1","21a","O=C(C1COC2=CC=CC=C12)C3=CC=CC=C3",12.32967971,12.32967971,0.134768519,-0.158703704,0.732736929,17.29411765,224.259,212.163,224.0837296,84,0.173383824,-0.492159015,0.492159015,0.173383824,1,1.705882353,2.529411765,16.48329614,9.923832111,2.297988625,-2.068613175,2.348199003,-2.135912852,6.013689118,0.094722796,2.826336423,1.953471653,545.8580949,11.66492594,9.297106054,9.297106054,8.360173345,5.670555856,5.670555856,4.13169235,4.13169235,3.074726148,3.074726148,2.183272464,2.183272464,-2.09,17500.67513,10.08892023,4.055276419,1.715912245,99.85255984,4.736862954,12.3563938,5.783244946,0,0,4.794537184,0,0,0,48.53093655,6.066367068,11.12690298,5.917906046,9.531400138,5.783244946,0,0,0,5.917906046,6.606881965,65.7242066,5.749511833,4.736862954,0,5.749511833,0,12.39012691,0,0,21.83934621,54.59730362,0,0,26.3,0,4.794537184,11.70115099,6.606881965,16.87641482,0,0,54.59730362,0,4.736862954,5.532856434,0,12.32967971,0,1.749218632,0.811047336,17.12573531,0,0.451462585,0,0.133333333,17,0,2,0,1,1,2,0,2,1,2,0,2,1,2,0,0,0,1,2.406668253,3,3.0455,65.4505,0,0,1,1,0,0,0,0,2,1,0,1,0,0,0,1,1,0,0,0,1,0,0,0,0,0,0,1
"2","21b","O=C(C1COC2=CC=CC=C12)C3=CC=C(OC)C=C3",12.48849254,12.48849254,0.090373205,-0.204078798,0.789618832,16.57894737,254.285,240.173,254.0942943,96,0.17338838,-0.49676779,0.49676779,0.17338838,1.157894737,1.894736842,2.631578947,16.48365243,9.922687419,2.299910285,-2.081010046,2.351190062,-2.137304388,6.015098843,0.094719475,2.903930161,1.885536421,601.6460401,13.24227621,10.62800408,10.62800408,9.292024998,6.193611895,6.193611895,4.494168486,4.494168486,3.390955616,3.390955616,2.336138291,2.336138291,-2.29,43407.94805,11.78097529,4.764899603,2.076529139,111.3310472,9.473725908,18.10590563,5.783244946,0,0,4.794537184,0,0,0,18.19910121,30.33183534,11.12690298,13.02770359,14.26826309,5.783244946,0,0,0,5.917906046,13.71667951,59.65783953,11.49902367,9.473725908,0,11.49902367,0,19.49992445,0,0,21.83934621,48.53093655,0,0,35.53,0,4.794537184,11.70115099,12.17033346,17.06247516,0,31.37526582,24.26546827,0,9.473725908,10.6477246,0,12.48849254,0,1.661501034,1.450168257,14.88892569,0,0.420842467,1.609012083,0.1875,19,0,3,0,1,1,2,0,2,1,3,0,3,1,3,0,0,0,1,2.954482341,3,3.0541,72.0025,0,0,1,1,0,0,0,0,2,1,0,2,0,0,0,1,1,1,0,0,1,0,0,0,0,0,0,2
"3","21c","O=C(C1=CC=C(OCC2=CC=CC=C2)C=C1)C3COC4=CC=CC=C34",12.77951551,12.77951551,0.082925346,-0.229363771,0.640183429,15.28,330.383,312.239,330.1255944,124,0.17338838,-0.492159015,0.492159015,0.17338838,0.92,1.64,2.44,16.48429823,9.922615205,2.300468724,-2.096797736,2.352134156,-2.137973906,6.015178976,0.094716327,3.110954847,1.444148874,869.288886,17.06226716,13.7218622,13.7218622,12.30966309,8.338275732,8.338275732,6.064318035,6.064318035,4.403580135,4.403580135,3.037182855,3.037182855,-3.07,1147967.226,15.45726069,6.813757208,3.264792607,146.3881414,9.473725908,24.7127876,5.783244946,0,0,4.794537184,0,0,0,48.53093655,35.89528683,11.12690298,5.917906046,14.26826309,5.783244946,0,0,0,12.52478801,6.606881965,95.55312637,11.49902367,9.473725908,0,11.49902367,0,12.39012691,6.606881965,0,27.40279771,78.86277189,0,0,35.53,0,4.794537184,11.70115099,18.77721542,22.62592665,0,0,78.86277189,0,9.473725908,11.39198436,0,12.77951551,0,2.760770941,1.415727992,25.06627497,0,0.919059568,0,0.136363636,25,0,3,0,1,1,3,0,3,1,3,0,3,1,5,0,0,0,1,4.212880857,4,4.6245,96.2245,0,0,1,1,0,0,0,0,3,1,0,2,0,0,0,1,1,0,0,0,1,0,0,0,0,0,0,1
"4","21d","O=C(C1COC2=CC=CC=C12)C3=CC=C(O)C=C3",12.35934713,12.35934713,0.027731481,-0.24468254,0.820870173,17,240.258,228.162,240.0786442,90,0.173388378,-0.507966216,0.507966216,0.173388378,1.111111111,1.833333333,2.611111111,16.4833183,9.92278872,2.299545429,-2.073346321,2.350750519,-2.136302413,6.014990298,0.094722165,2.824555618,1.929436008,586.9426387,12.53516943,9.66696938,9.66696938,8.754020195,5.804846257,5.804846257,4.31254097,4.31254097,3.168241791,3.168241791,2.206549745,2.206549745,-2.29,24731.80899,10.83838086,4.182957278,1.736796181,104.6467936,9.843390349,18.10590563,5.783244946,0,0,4.794537184,0,0,0,18.19910121,30.33183534,11.12690298,5.917906046,14.63792753,5.783244946,0,0,0,5.917906046,6.606881965,59.65783953,11.49902367,4.736862954,0,11.49902367,0,17.49665431,0,0,21.83934621,48.53093655,0,0,46.53,0,9.901064579,17.45066283,12.17033346,11.31296332,12.13273414,12.13273414,24.26546827,0,4.736862954,5.50720057,0,12.35934713,9.225579398,1.53581302,0.731428965,13.91934478,0,0.387952806,0,0.133333333,18,1,3,0,1,1,2,0,2,1,3,1,3,1,2,0,0,0,1,2.518693562,3,2.7511,67.1153,0,1,1,1,0,0,0,0,2,1,0,1,0,0,0,1,1,0,0,0,1,1,1,0,0,0,0,1
"5","21e","O=C(C1COC2=CC=CC=C12)C3=CC=C(SC)C=C3",12.52250614,12.52250614,0.136669501,-0.170065193,0.627110265,16.78947368,270.353,256.241,270.0714507,96,0.173385151,-0.492159015,0.492159015,0.173385151,1.157894737,1.894736842,2.631578947,32.1664075,9.923567221,2.299535638,-2.078987494,2.351393084,-2.137149502,7.982103341,0.09471605,2.903930161,1.885536421,604.4009276,13.24227621,10.62800408,11.44450066,9.292024998,6.193611895,7.418356766,4.494168486,5.373821297,3.390955616,4.134525664,2.336138291,2.744386582,-1.74,43407.94805,12.30181831,5.095395574,2.258757777,116.340612,4.736862954,12.3563938,5.783244946,0,0,4.794537184,0,0,11.76188495,30.33183534,24.45487039,16.02238646,5.917906046,9.531400138,17.5451299,0,0,0,10.81338952,12.86265115,59.65783953,5.749511833,4.736862954,0,5.749511833,11.76188495,18.64589609,0,0,21.83934621,53.42642002,0,0,26.3,0,4.794537184,11.70115099,6.606881965,16.87641482,4.895483476,11.76188495,54.78670573,0,4.736862954,5.573640899,1.674046789,13.68882288,0,1.754209367,0.801404216,15.53531296,2.02567875,0.446884133,0,0.1875,19,0,2,0,1,1,2,0,2,1,3,0,3,1,3,0,0,0,1,3.299085818,3,3.7674,77.2315,0,0,1,1,0,0,0,0,2,1,0,1,0,0,0,1,1,0,0,0,1,0,0,0,1,0,0,2
"6","21f","O=C(C1COC2=CC=CC=C12)C3=CC=C(C)C=C3",12.44097978,12.44097978,0.138842593,-0.163049887,0.7498375,17.05555556,238.286,224.174,238.0993797,90,0.173384156,-0.492159015,0.492159015,0.173384156,1.111111111,1.833333333,2.611111111,16.48329741,9.919673437,2.298942385,-2.075693192,2.349214332,-2.13741763,6.014425782,0.094722723,2.824555618,1.929436008,584.3008851,12.53516943,10.21975578,10.21975578,8.754020195,6.081239459,6.081239459,4.63169235,4.63169235,3.352503925,3.352503925,2.298680813,2.298680813,-2.09,24731.80899,11.02641401,4.297313893,1.79783075,106.217502,4.736862954,12.3563938,5.783244946,0,0,4.794537184,0,0,0,48.02802097,12.99010427,11.12690298,5.917906046,9.531400138,5.783244946,0,0,0,12.84164325,6.606881965,65.22129102,5.749511833,4.736862954,0,5.749511833,0,12.39012691,0,6.9237372,27.40279771,48.53093655,0,0,26.3,0,4.794537184,11.70115099,6.606881965,22.43986631,0,0,55.45467375,0,4.736862954,5.556583286,0,12.44097978,0,2.920000131,0.811868334,15.47067424,0,2.466560899,0,0.1875,18,0,2,0,1,1,2,0,2,1,2,0,2,1,2,0,0,0,1,2.632442339,3,3.35392,70.1875,0,0,1,1,0,0,0,1,2,1,0,1,0,0,0,1,1,0,0,0,1,0,0,0,0,0,0,1
"7","21g","O=C(C1=CC=C(Cl)C=C1)C2COC3=CC=CC=C23",12.39789588,12.39789588,0.080200617,-0.206133787,0.76805269,17.05555556,258.704,247.616,258.0447573,90,0.173385555,-0.492159015,0.492159015,0.173385555,1.111111111,1.833333333,2.611111111,35.49569124,9.92360819,2.299307637,-2.073193886,2.350404091,-2.13663478,6.302360857,0.094723649,2.824555618,1.929436008,589.6975262,12.53516943,9.597720258,10.3536492,8.754020195,5.770221695,6.148186168,4.272559971,4.708995751,3.14515875,3.397135065,2.195008225,2.320996382,-1.8,24731.80899,11.29950489,4.464961249,1.888074235,110.1558261,4.736862954,12.3563938,5.783244946,0,0,4.794537184,0,0,0,29.8000411,30.33183534,16.1495363,5.917906046,9.531400138,17.38418484,0,0,0,5.917906046,6.606881965,64.68047284,5.749511833,4.736862954,0,5.749511833,11.60093989,12.39012691,0,0,21.83934621,48.53093655,5.022633314,0,26.3,0,4.794537184,11.70115099,17.19296677,11.31296332,0,24.26546827,24.26546827,0,16.33780284,5.530520186,5.821106838,12.39789588,0.633909334,1.640882464,0.684079358,14.65191702,0,0.417466695,0,0.133333333,18,0,2,0,1,1,2,0,2,1,2,0,3,1,2,0,0,0,1,2.802880637,3,3.6989,70.4605,0,0,1,1,0,0,0,0,2,1,0,1,0,1,0,1,1,0,0,0,1,0,0,0,0,0,0,1
"8","21h","O=C(C1COC2=CC=CC=C12)C3=CC=C(F)C=C3",12.83031505,12.83031505,0.027824074,-0.338312888,0.755872426,17.05555556,242.249,231.161,242.0743078,90,0.17338727,-0.492159015,0.492159015,0.17338727,1.111111111,1.833333333,2.611111111,19.14214163,9.923165011,2.299659349,-2.071572692,2.349073746,-2.137787926,6.013870223,0.094718122,2.824555618,1.929436008,589.6975262,12.53516943,9.597720258,9.597720258,8.754020195,5.770221695,5.770221695,4.272559971,4.272559971,3.14515875,3.14515875,2.195008225,2.195008225,-2.16,24731.80899,10.96057351,4.257170681,1.776356525,104.0180952,4.736862954,18.17361464,5.783244946,0,0,4.794537184,4.390415048,0,0,18.19910121,30.33183534,11.12690298,5.917906046,13.92181519,5.783244946,0,0,0,5.917906046,6.606881965,65.47506037,5.749511833,4.736862954,4.390415048,5.749511833,0,12.39012691,0,5.817220841,21.83934621,48.53093655,0,0,26.3,0,9.184952232,17.51837183,12.17033346,11.31296332,24.26546827,0,24.26546827,0,4.736862954,18.31282426,0,12.3185308,0,1.42456302,0.110365725,13.14368005,0,0.356702806,0,0.133333333,18,0,2,0,1,1,2,0,2,1,2,0,3,1,2,0,0,0,1,2.592279566,3,3.1846,65.4085,0,0,1,1,0,0,0,0,2,1,0,1,0,1,0,1,1,0,0,0,1,0,0,0,0,0,0,1
"9","21i","O=C(C1COC2=CC=CC=C12)C3=CC=CC(OC)=C3",12.54227608,12.54227608,0.073009259,-0.219160998,0.789618832,16.57894737,254.285,240.173,254.0942943,96,0.1735211,-0.496743624,0.496743624,0.1735211,1.210526316,2.052631579,2.894736842,16.48368745,9.921965746,2.301742557,-2.086179977,2.35302586,-2.138637664,6.017139158,0.094686574,2.902573123,1.929823201,618.8960401,13.24227621,10.62800408,10.62800408,9.292024998,6.193611895,6.193611895,4.49762281,4.49762281,3.37067525,3.37067525,2.357190368,2.357190368,-2.29,43071.28257,11.78097529,4.764899603,2.076529139,111.3310472,9.473725908,18.10590563,5.783244946,0,0,4.794537184,0,0,0,30.33183534,18.19910121,11.12690298,13.02770359,14.26826309,5.783244946,0,0,0,5.917906046,13.71667951,59.65783953,11.49902367,9.473725908,0,11.49902367,0,19.49992445,0,0,21.83934621,48.53093655,0,0,35.53,0,4.794537184,11.70115099,17.91984529,11.31296332,0,13.17616461,42.46456948,0,9.473725908,10.71182563,0,12.54227608,0,1.624974962,1.355511753,14.92517343,0,0.412093018,1.594811797,0.1875,19,0,3,0,1,1,2,0,2,1,3,0,3,1,3,0,0,0,1,2.954482341,3,3.0541,72.0025,0,0,1,1,0,0,0,0,2,1,0,2,0,0,0,1,1,1,0,0,1,0,0,0,0,0,0,2
"10","21j","O=C(C1COC2=CC=CC=C12)C3=CC=CC=C3OC",12.62940193,12.62940193,0.043888889,-0.243055556,0.789618832,16.57894737,254.285,240.173,254.0942943,96,0.177105975,-0.496000786,0.496000786,0.177105975,1.157894737,1.894736842,2.736842105,16.48396953,9.917970522,2.313608665,-2.10854648,2.363834329,-2.14752358,6.035308408,0.094421212,2.90149902,1.979825731,618.8960401,13.24227621,10.62800408,10.62800408,9.30886175,6.199594959,6.199594959,4.465950509,4.465950509,3.388852505,3.388852505,2.415577934,2.415577934,-2.29,43687.87075,11.78097529,4.764899603,1.970628466,111.3310472,9.473725908,18.10590563,5.783244946,0,0,4.794537184,0,0,0,30.33183534,18.19910121,5.563451492,18.59115508,14.26826309,5.783244946,0,0,0,5.917906046,13.71667951,59.65783953,11.49902367,9.473725908,0,11.49902367,0,19.49992445,0,0,21.83934621,48.53093655,0,0,35.53,0,4.794537184,11.70115099,17.91984529,11.31296332,0,19.24253168,36.39820241,0,9.473725908,10.81790911,0,12.62940193,0,1.563619615,1.210675076,14.97141369,0,0.399036281,1.574610969,0.1875,19,0,3,0,1,1,2,0,2,1,3,0,3,1,3,0,0,0,1,2.954482341,3,3.0541,72.0025,0,0,1,1,0,0,0,0,2,1,0,2,0,0,0,1,1,1,0,0,2,0,0,0,0,0,0,1
"11","21k","O=C(C1COC2=CC=CC=C12)C3=CC(OC)=C(OC)C(OC)=C3",12.91368528,12.91368528,0.033145314,-0.324993386,0.793942742,15.52173913,314.337,296.193,314.1154237,120,0.202802792,-0.492690137,0.492690137,0.202802792,1.043478261,1.695652174,2.304347826,16.5303893,9.918299686,2.31412754,-2.148163623,2.408269734,-2.144699074,6.024716781,0.094635674,3.03249293,2.005505939,712.9369584,16.39697675,13.28980012,13.28980012,11.18940181,7.251690099,7.251690099,5.179682003,5.179682003,3.965664665,3.965664665,2.804198728,2.804198728,-2.69,267905.5879,15.21511819,6.201332908,2.58505932,134.2880219,18.94745182,12.3563938,17.28226861,5.749511833,0,4.794537184,0,0,0,18.19910121,18.19910121,11.12690298,27.24729867,23.741989,5.783244946,0,0,0,5.917906046,27.93627459,47.52510539,22.99804733,18.94745182,0,22.99804733,0,33.71951953,0,0,21.83934621,36.39820241,0,0,53.99,0,4.794537184,11.70115099,29.41886896,11.31296332,21.32939262,12.13273414,24.26546827,0,18.94745182,21.51881115,0,12.91368528,0,1.413013695,1.792523017,10.93456119,0,0.342103332,4.585302343,0.277777778,23,0,5,0,1,1,2,0,2,1,5,0,5,1,5,0,0,0,1,4.102348398,3,3.0713,85.1065,0,0,1,1,0,0,0,0,2,1,0,4,0,0,0,1,1,3,0,0,1,0,0,0,0,0,0,2
"12","21l","O=C(C1COC2=CC=CC=C12)C3=CC=C4C=CC=CC4=C3",12.77336782,12.77336782,0.130280612,-0.192257181,0.654620326,16.47619048,274.319,260.207,274.0993797,102,0.173406232,-0.492159015,0.492159015,0.173406232,0.904761905,1.666666667,2.571428571,16.48330103,9.912406434,2.301019017,-2.085842143,2.353566396,-2.1377586,6.040266375,0.094735812,2.975296363,1.739848497,835.5988946,14.23384004,11.45180659,11.45180659,10.32649984,7.075256395,7.075256395,5.327596763,5.327596763,4.050402694,4.050402694,2.923440809,2.923440809,-2.61,156920.1055,12.15512205,4.741053518,1.999200981,122.5342244,4.736862954,12.3563938,5.783244946,0,0,4.794537184,0,0,0,54.59730362,22.90518257,11.12690298,5.917906046,9.531400138,16.55569338,0,0,0,5.917906046,6.606881965,77.85694074,5.749511833,4.736862954,0,5.749511833,0,12.39012691,0,0,21.83934621,66.73003775,0,10.77244843,26.3,0,4.794537184,11.70115099,6.606881965,27.64886325,0,0,60.66367068,6.066367068,4.736862954,5.620342026,0,12.77336782,2.243215309,1.745057109,0.768244887,21.74758354,0,0.435522644,0,0.105263158,21,0,2,0,1,1,3,0,3,1,2,0,2,1,2,0,0,0,1,2.744194484,4,4.1987,82.9565,0,0,1,1,0,0,0,0,3,2,0,1,0,0,0,1,1,0,0,0,1,0,0,0,0,0,0,2
"13","21m","O=C(C1COC2=CC=CC=C12)C3=CSC=C3",12.19745748,12.19745748,0.133518519,-0.133518519,0.740892826,17.875,230.288,220.208,230.0401506,80,0.174220029,-0.49215901,0.49215901,0.174220029,1.3125,2.1875,3,32.13338678,9.936795277,2.300784011,-2.049950967,2.351461103,-2.12935646,7.07695355,0.094769944,2.976376956,1.963677398,516.488681,10.95781916,8.550653806,9.367150387,7.860173345,5.141960377,6.084769419,3.777692071,4.557725385,2.822112588,3.505346849,1.985523283,2.630597051,-1.61,11676.3268,9.604262927,3.757186439,1.441736576,97.49292312,4.736862954,12.3563938,5.783244946,0,0,4.794537184,0,11.33678588,0,18.19910121,17.51279691,16.50696575,5.917906046,9.531400138,17.12003082,0,0,0,5.917906046,6.606881965,52.21886387,5.749511833,4.736862954,0,5.749511833,11.33678588,12.39012691,0,0,21.83934621,41.09196088,0,0,26.3,0,4.794537184,11.70115099,6.606881965,16.87641482,0,11.33678588,41.09196088,0,4.736862954,5.512820295,1.546359337,12.19745748,3.817671958,1.800002834,0.868592215,9.624132916,0,0.466296296,0,0.153846154,16,0,2,0,1,1,1,1,2,1,3,0,3,2,2,0,0,0,1,2.255312902,3,3.107,63.3275,0,0,1,1,0,0,0,0,1,1,0,1,0,0,0,1,1,0,0,0,1,0,0,0,0,0,1,2
"14","21n","O=C(C1COC2=CC=CC=C12)C3=CC=CS3",12.20120748,12.20120748,0.129768519,-0.129768519,0.740892826,17.875,230.288,220.208,230.0401506,80,0.183286314,-0.492158427,0.492158427,0.183286314,1.25,2.125,2.9375,32.13347347,9.959173599,2.303889566,-2.046603174,2.355345382,-2.124027448,7.11669765,0.095127813,2.976376956,1.963677398,516.488681,10.95781916,8.550653806,9.367150387,7.860173345,5.155040461,6.034693272,3.742968366,4.690662559,2.780445921,3.664864646,1.970152332,2.689443617,-1.61,11676.3268,9.604262927,3.757186439,1.441736576,97.49292312,4.736862954,12.3563938,5.783244946,0,0,4.794537184,0,0,11.33678588,24.26546827,17.51279691,5.563451492,10.79505324,9.531400138,17.12003082,0,0,0,5.917906046,6.606881965,52.21886387,5.749511833,4.736862954,0,5.749511833,11.33678588,12.39012691,0,0,21.15304192,41.77826518,0,0,26.3,0,4.794537184,11.70115099,6.606881965,16.19011052,11.33678588,0,41.77826518,0,4.736862954,5.514048564,1.487444964,13.01167328,1.925542328,1.014722222,0.881672336,11.52989631,0,0.468333333,0,0.153846154,16,0,2,0,1,1,1,1,2,1,3,0,3,2,2,0,0,0,1,2.255312902,3,3.107,63.3275,0,0,1,1,0,0,0,0,1,1,0,1,0,0,0,1,1,0,0,0,1,0,0,0,0,0,1,2
"15","21o","O=C(C1COC2=CC=CC=C12)C3=CC=CN3C",12.39079082,12.39079082,0.127268519,-0.166851852,0.737497568,17.58823529,227.263,214.159,227.0946287,86,0.189695685,-0.492157875,0.492157875,0.189695685,1.294117647,2.117647059,2.882352941,16.48331131,9.948719786,2.309917529,-2.080137565,2.348670983,-2.164800525,6.002642769,0.093916963,2.939309293,1.978777698,571.1061161,11.82806265,9.589619111,9.589619111,8.270856948,5.644233338,5.644233338,4.270000444,4.270000444,3.212626687,3.212626687,2.275273916,2.275273916,-2.03,16354.31691,10.14497376,3.769114003,1.547048152,99.63663387,9.303962602,12.3563938,5.783244946,0,0,4.794537184,0,0,0,18.19910121,18.19910121,18.80796705,11.61183404,9.531400138,5.783244946,0,4.567099648,7.047671983,5.917906046,6.606881965,53.85242547,5.749511833,4.736862954,0,5.749511833,0,16.95722656,7.047671983,0,21.96982272,42.59504598,0,0,31.23,0,4.794537184,11.70115099,6.606881965,17.00689132,0,0,54.20981761,0,4.736862954,7.390494142,0,12.39079082,0,1.73055839,0.7938048,11.47882275,1.883875661,0.447777778,1.883875661,0.214285714,17,0,3,0,1,1,1,1,2,1,3,0,3,2,2,0,0,0,1,2.249268391,3,2.384,64.4215,1,0,1,1,1,0,0,1,1,1,0,1,0,0,0,1,1,0,0,0,1,0,0,0,0,0,0,1
"16","21p","O=C(C1COC2=CC=CC=C12)C(N3C)=CC4=C3C=CC=C4",12.89931689,12.89931689,0.12375,-0.204433107,0.67087057,16.71428571,277.323,262.203,277.1102787,104,0.189735438,-0.492157875,0.492157875,0.189735438,1.142857143,1.904761905,2.761904762,16.48331699,9.947339725,2.317011826,-2.087010712,2.357467235,-2.16672577,6.040104962,0.093954945,3.088809233,1.796128685,847.300541,14.39697675,11.74431965,11.74431965,10.2540202,7.058999983,7.058999983,5.413077644,5.413077644,4.220555227,4.220555227,3.083522232,3.083522232,-2.55,150446.6313,12.21047728,4.484332777,1.77445437,122.3182984,9.303962602,12.3563938,5.783244946,0,0,4.794537184,0,0,0,36.39820241,18.19910121,23.51404841,11.61183404,9.531400138,16.68616988,0,4.567099648,7.047671983,5.917906046,6.606881965,65.8546831,5.749511833,4.736862954,0,5.749511833,0,16.95722656,7.047671983,0,21.96982272,54.59730362,0,10.90292493,31.23,0,4.794537184,11.70115099,6.606881965,27.90981625,0,0,66.21207525,0,4.736862954,7.608381992,0,12.89931689,1.093102272,2.807694109,0.747663349,17.80516555,0,0.430263133,1.941746032,0.166666667,21,0,3,0,1,1,2,1,3,1,3,0,3,2,2,0,0,0,1,2.60742112,4,3.5372,81.9275,1,0,1,1,1,0,0,1,2,2,0,1,0,0,0,1,1,0,0,0,2,0,0,0,0,0,0,1
"17","21q","C=C(C)C(C1COC2=CC=CC=C12)=O",11.72829082,11.72829082,0.078657407,-0.149351852,0.665555387,18.5,188.226,176.13,188.0837296,72,0.168501055,-0.492159252,0.492159252,0.168501055,1.5,2.214285714,2.928571429,16.48329223,9.93480673,2.292000468,-2.057075923,2.343821161,-2.137474271,5.998139526,-0.116577745,2.59577,2.348743863,393.0631322,10.12939203,8.117461489,8.117461489,6.698377303,4.613425644,4.613425644,3.545997032,3.545997032,2.437049779,2.437049779,1.677099398,1.677099398,-1.57,2354.36339,9.003504047,3.293587806,1.327741004,83.20068895,4.736862954,12.3563938,5.783244946,0,0,4.794537184,0,0,0,24.77803689,18.5632088,5.563451492,5.917906046,9.531400138,5.783244946,0,0,0,12.84164325,6.606881965,41.98095998,5.749511833,4.736862954,0,5.749511833,0,12.39012691,4.794537184,0,18.40509474,36.41750849,0,0,26.3,0,4.794537184,11.70115099,12.17998649,11.31296332,0,6.9237372,24.26546827,6.578935684,4.736862954,5.420416667,0,11.72829082,0,1.579447279,0.755324074,7.660265023,0,5.856256141,0,0.25,14,0,2,0,1,1,1,0,1,1,2,0,2,1,2,0,0,0,1,2.118130795,2,2.3078,54.499,0,0,1,1,0,0,1,0,1,1,0,1,0,0,0,1,1,0,0,0,1,0,0,0,0,0,0,2
"18","21r","O=C(C1COC2=CC=CC=C12)C3=CC=CN=C3",12.28967971,12.28967971,0.072268519,-0.198703704,0.736755076,17.29411765,225.247,214.159,225.0789786,84,0.174932219,-0.492159006,0.492159006,0.174932219,1.235294118,2.117647059,2.941176471,16.48329853,9.931012805,2.300182283,-2.064604317,2.347344214,-2.138967773,6.011424516,0.094686279,2.826336423,1.953471653,551.1584849,11.66492594,9.16696938,9.16696938,8.360173345,5.520286969,5.520286969,4.007367346,4.007367346,2.962474016,2.962474016,2.089365382,2.089365382,-2.16,17500.67513,10.02355798,4.014704968,1.69425504,99.07220783,4.736862954,12.3563938,5.783244946,0,0,9.778515705,0,0,0,18.19910121,18.19910121,23.52059013,5.917906046,9.531400138,5.783244946,0,4.983978521,0,5.917906046,6.606881965,59.91879254,5.749511833,4.736862954,0,5.749511833,0,17.37410543,0,0,21.83934621,48.79188955,0,0,39.19,0,4.794537184,11.70115099,12.17033346,11.31296332,0,24.52642128,24.26546827,4.983978521,4.736862954,5.512448271,0,16.26115331,0,1.610329743,0.688139172,11.2412078,3.263036895,0.423684807,0,0.142857143,17,0,3,0,1,1,1,1,2,1,3,0,3,2,2,0,0,0,1,2.36715459,3,2.4405,63.2455,1,0,1,1,1,0,0,0,1,1,0,1,0,0,0,1,1,0,0,0,1,0,0,1,0,0,0,2
"19","21s","O=C(C1COC2=CC=CC=C12)C3=NC=CS3",12.13870748,12.13870748,0.055509259,-0.192268519,0.7453439,17.875,231.276,222.204,231.0353995,80,0.201864729,-0.492157252,0.492157252,0.201864729,1.4375,2.3125,3.125,32.13348045,9.971011067,2.312079761,-2.037770207,2.351170682,-2.134230998,7.112276768,0.09468618,2.976376956,1.963677398,521.5748473,10.95781916,8.420517132,9.237013713,7.860173345,5.01483768,5.894490492,3.602924047,4.497490166,2.659524369,3.447177361,1.873847289,2.504591784,-1.68,11676.3268,9.539182526,3.717650409,1.421980288,96.7125711,4.736862954,12.3563938,5.007623697,5.783244946,0,4.794537184,4.983978521,0,11.33678588,18.19910121,6.066367068,17.14035783,5.917906046,9.531400138,17.12003082,0,4.983978521,0,5.917906046,6.606881965,46.4134498,5.749511833,4.736862954,0,5.749511833,11.33678588,17.37410543,0,0,21.28351842,35.84237462,0,0,39.19,0,4.794537184,11.70115099,11.61450566,11.31296332,11.33678588,6.196843572,29.64553104,4.983978521,4.736862954,5.486270786,1.376333853,16.18579696,2.374897014,0.974722222,0.680283447,7.67430154,1.65239418,0.428333333,0,0.166666667,16,0,3,0,1,1,1,1,2,1,4,0,4,2,2,0,0,0,1,2.216459114,3,2.502,61.1225,1,0,1,1,1,0,0,0,1,1,0,1,0,0,0,1,1,0,0,0,1,0,0,0,0,1,0,2
"20","21t","O=C(C1COC2=CC=CC=C12)C3=NC=CN3C",12.32829082,12.32829082,0.016157407,-0.229351852,0.735794792,17.58823529,228.251,216.155,228.0898776,86,0.208741682,-0.492156678,0.492156678,0.208741682,1.470588235,2.294117647,3.058823529,16.48332289,9.962259255,2.318943301,-2.067001928,2.345625269,-2.176670636,5.987399332,0.093383335,2.939309293,1.978777698,574.3033687,11.82806265,9.459482437,9.459482437,8.270856948,5.504030558,5.504030558,4.127420718,4.127420718,3.057987781,3.057987781,2.138542992,2.138542992,-2.1,16354.31691,10.07958055,3.730744665,1.527284084,98.85628185,9.303962602,12.3563938,5.824404498,5.783244946,0,4.794537184,4.983978521,0,0,18.19910121,6.066367068,25.00481062,5.917906046,9.531400138,5.783244946,0,9.551078169,7.047671983,5.917906046,6.606881965,48.04701141,5.749511833,4.736862954,0,5.749511833,0,21.94120508,7.047671983,0,22.10029922,36.65915542,0,0,44.12,0,4.794537184,11.70115099,12.43128646,11.31296332,0,16.96078679,31.31314026,4.983978521,4.736862954,7.251605253,0,16.41936177,0,0.958796296,1.074178005,7.660265023,3.406640212,0.407777778,1.821375661,0.230769231,17,0,4,0,1,1,1,1,2,1,4,0,4,2,2,0,0,0,1,2.21202008,3,1.779,62.2165,2,0,1,1,2,0,0,1,1,1,0,1,0,0,1,1,1,0,0,0,1,0,0,0,0,0,0,2
"21","21u","O=C(C1=COC2=CC=CC=C21)C3=NC4=CC=CC=C4N3C",12.76852986,12.76852986,0.12625,-0.12625,0.525947444,11.28571429,276.295,264.199,276.0898776,102,0.231830216,-0.463549164,0.463549164,0.231830216,1.095238095,1.857142857,2.714285714,16.3305636,10.09782812,2.20392986,-1.996880848,2.240373648,-2.078613385,6.146943152,0.102302886,3.088809233,1.920131347,978.7150042,14.39697675,11.40707619,11.40707619,10.2540202,6.67896701,6.67896701,4.957802484,4.957802484,3.71583605,3.71583605,2.622706873,2.622706873,-2.88,150446.6313,11.9063292,4.312039813,1.690270085,120.1763419,8.984250585,11.84618314,5.824404498,5.783244946,0,4.794537184,4.983978521,0,0,30.33183534,18.19910121,12.4338962,16.59685293,9.211688121,27.78589074,0,9.551078169,7.047671983,0,0,66.18195553,0,0,0,0,0,15.33432312,7.047671983,0,16.18239317,59.21125048,0,22.00264579,48.03,0,4.794537184,5.783244946,16.97087613,16.41962565,6.263162996,0,60.14570818,4.983978521,4.417150937,7.266622732,0,17.21524896,0.814403817,3.007797409,0.292965797,15.21130784,1.506296296,0,1.85202381,0.058823529,21,0,4,0,0,0,2,2,4,0,4,0,4,2,2,0,0,0,0,2.444788836,4,3.5505,80.3605,2,0,1,1,2,0,0,1,2,2,0,0,1,0,1,1,0,0,0,0,3,0,0,0,0,0,0,2
"22","21v","O=C(C1=CC=C(OCC2C(C3=CC=C(OC)C=C3)=O)C2=C1)OC",12.72301123,12.72301123,0.047760299,-0.434864394,0.641518828,15.47826087,312.321,296.193,312.0997736,118,0.337356788,-0.49676779,0.49676779,0.337356788,1.043478261,1.739130435,2.391304348,16.52380044,9.911182102,2.314774995,-2.092890521,2.364328758,-2.143263199,6.02097674,0.059995941,3.031432018,1.907314875,748.5073039,16.39697675,12.86715039,12.86715039,11.13456025,7.170792078,7.170792078,5.200529299,5.200529299,3.902829649,3.902829649,2.633324827,2.633324827,-2.82,263334.4365,15.09021001,6.121590595,2.773335869,133.3359987,14.21058886,18.10590563,5.783244946,0,5.969305288,4.794537184,4.794537184,0,0,0,42.46456948,11.12690298,25.70095262,23.79966323,11.75255023,0,0,0,5.917906046,20.82647705,59.15492395,11.49902367,9.473725908,0,11.49902367,0,32.57902728,4.736862954,0,32.19733489,42.46456948,0,0,61.83,11.88721133,9.589074368,12.39012691,28.18937814,0,7.109797541,49.57436702,0,0,14.21058886,15.39039433,0,24.39149055,0,1.7025186,0.411000624,11.93485623,0,0.268672446,2.901067213,0.222222222,23,0,5,0,1,1,2,0,2,1,5,0,5,1,4,0,0,0,1,4.016351638,3,2.8407,83.342,0,0,2,2,0,0,0,0,2,1,1,3,0,0,0,1,1,2,0,0,0,0,0,0,0,0,0,2
"23","21w","CC(C1=CC=C(OCC2C(C3=CC=C(OC)C=C3)=O)C2=C1)=O",12.68472033,12.68472033,0.01193972,-0.372504724,0.812641248,15.81818182,296.322,280.194,296.104859,112,0.173388784,-0.49676779,0.49676779,0.173388784,1.090909091,1.772727273,2.409090909,16.4836891,9.907182957,2.310934871,-2.091002252,2.36377391,-2.141190873,6.023797516,0.094527902,2.968656388,1.92177528,731.2524177,15.68986997,12.4589021,12.4589021,10.59655545,7.058419642,7.058419642,5.265133893,5.265133893,3.888258247,3.888258247,2.60749234,2.60749234,-2.62,151128.3594,14.32284807,5.638183065,2.47798385,128.2224535,9.473725908,18.10590563,11.56648989,0,0,9.589074368,0,0,0,0,49.38830668,16.69035448,13.02770359,19.06280028,11.56648989,0,0,0,12.84164325,13.71667951,59.15492395,11.49902367,9.473725908,0,11.49902367,0,25.2831694,0,0,39.12107209,42.46456948,0,0,52.6,0,9.589074368,17.48439594,29.23280861,5.563451492,6.9237372,49.57436702,0,0,9.473725908,10.67576349,0,24.20736632,0,1.986830586,0.977311245,12.24939327,0,1.818839162,1.58449592,0.222222222,22,0,4,0,1,1,2,0,2,1,4,0,4,1,4,0,0,0,1,3.670674519,3,3.2567,82.007,0,0,2,2,0,0,0,0,2,1,0,2,0,0,0,2,2,1,0,0,0,0,0,0,0,0,0,2
"24","21x","N#CC1=CC=C(OCC2C(C3=CC=C(OC)C=C3)=O)C2=C1",12.60521353,12.60521353,0.007876984,-0.359541761,0.810450069,15.71428571,279.295,266.191,279.0895433,104,0.173389177,-0.49676779,0.49676779,0.173389177,1.285714286,2.047619048,2.714285714,16.48366431,9.912741622,2.308076403,-2.085144627,2.36147433,-2.138972832,6.01592736,0.094719028,2.967421512,1.920728741,728.6907072,14.81962648,11.4978674,11.4978674,10.22387665,6.577902295,6.577902295,4.820751074,4.820751074,3.610831427,3.610831427,2.458049411,2.458049411,-2.8,106708.4776,13.19549064,5.294107713,2.341106608,122.088569,9.473725908,18.10590563,5.783244946,0,0,4.794537184,0,5.261891555,0,0,42.46456948,11.12690298,24.66037639,14.26826309,5.783244946,5.261891555,0,0,5.917906046,13.71667951,59.15492395,17.56824498,9.473725908,0,11.49902367,0,19.49992445,0,11.33111287,27.40279771,42.46456948,0,0,59.32,0,4.794537184,11.70115099,29.23280861,5.563451492,0,49.57436702,0,6.069221313,14.73561746,10.63205199,0,12.60521353,8.97879852,1.931721931,1.023553956,14.26280608,0,0.314561287,1.584626043,0.176470588,21,0,4,0,1,1,2,0,2,1,4,0,4,1,3,0,0,0,1,3.326588036,3,2.92578,76.7175,0,0,1,1,1,0,0,0,2,1,0,2,0,0,0,1,1,1,0,1,0,0,0,0,0,0,0,2
"25","21y","O=C(C1=CC=C(OC)C=C1)C2COC3=CC=C(C(F)(F)F)C=C23",12.85121568,12.85121568,0.043161061,-4.453044918,0.799128345,16.60869565,322.282,309.178,322.0816789,120,0.415924457,-0.49676779,0.49676779,0.415924457,1.173913043,1.869565217,2.47826087,19.41317954,9.910436122,2.359093181,-2.111256108,2.398281282,-2.14607769,6.015732266,-0.137183746,2.962566106,1.925494865,735.7390788,16.6125197,12.18454723,12.18454723,10.89719671,6.921242207,6.921242207,5.206706744,5.206706744,3.809058818,3.809058818,2.564829577,2.564829577,-2.5,195102.7535,15.39777778,5.607120353,2.884615385,130.1925955,9.473725908,18.10590563,5.783244946,0,6.176298517,4.794537184,0,13.17124514,0,0,42.46456948,11.12690298,18.59115508,27.43950823,5.783244946,0,0,0,12.09420456,13.71667951,59.15492395,11.49902367,9.473725908,13.17124514,11.49902367,0,19.49992445,6.176298517,0,27.40279771,42.46456948,0,0,35.53,17.65765606,17.96578233,17.9535784,17.06247516,12.13273414,13.17616461,24.26546827,0,0,9.473725908,48.92987315,0,12.56822373,0,-0.097605828,-0.083089005,9.665348776,-4.453044918,0.043161061,1.510466362,0.235294118,23,0,3,0,1,1,2,0,2,1,3,0,6,1,3,0,0,0,1,3.753791007,3,4.0729,77.0045,0,0,1,1,0,3,0,0,2,1,0,2,0,3,0,1,1,1,0,0,0,0,0,0,0,0,0,2
"26","21z","O=C(C1COC2=CC=C(Br)C=C12)C3=CC=C(OC)C=C3",12.58448649,12.58448649,0.073613946,-0.239912132,0.801395354,16.4,333.181,320.077,332.0048064,102,0.17338909,-0.49676779,0.49676779,0.17338909,1.25,2,2.7,79.91873112,9.922501311,2.306244625,-2.085886407,2.372066723,-2.138075772,9.103003053,0.09471846,2.892523459,1.905417197,649.2716028,14.1125197,10.92861828,12.51461482,9.685871848,6.293277734,7.086276003,4.638490431,5.55416596,3.443778417,3.937030056,2.35936034,2.738152537,-1.81,60777.70292,13.18596184,5.288121004,2.312737722,125.1985948,9.473725908,18.10590563,5.783244946,0,0,4.794537184,0,0,0,15.9299439,42.46456948,15.5996225,13.02770359,14.26826309,21.71318884,0,0,0,5.917906046,13.71667951,58.06419198,11.49902367,9.473725908,0,11.49902367,15.9299439,19.49992445,0,0,21.83934621,46.937289,0,0,35.53,0,4.794537184,11.70115099,12.17033346,21.53519467,0,31.37526582,18.19910121,15.9299439,9.473725908,11.64446083,3.433238303,12.58448649,0,1.617980153,1.368357558,12.92879785,0,0.399453578,1.606558571,0.1875,20,0,3,0,1,1,2,0,2,1,3,0,4,1,3,0,0,0,1,3.486448088,3,3.8166,79.7025,0,0,1,1,0,0,0,0,2,1,0,2,0,1,0,1,1,1,0,0,0,0,0,0,0,0,0,2
"27","21aa","O=C(C1COC2=CC=C(Cl)C=C12)C3=CC=C(OC)C=C3",12.55670871,12.55670871,0.035805304,-0.294356576,0.807848936,16.4,288.73,275.626,288.055322,102,0.17338932,-0.49676779,0.49676779,0.17338932,1.25,2,2.7,35.49569136,9.922167752,2.306750515,-2.085339584,2.371308812,-2.1379863,6.303231764,0.094720158,2.892523459,1.905417197,649.2716028,14.1125197,10.92861828,11.68454723,9.685871848,6.293277734,6.671242207,4.638490431,5.074926211,3.443778417,3.67887552,2.35936034,2.53990297,-2,60777.70292,13.005,5.174791914,2.25,121.6343134,9.473725908,18.10590563,5.783244946,0,0,4.794537184,0,0,0,11.60093989,42.46456948,16.1495363,13.02770359,14.26826309,17.38418484,0,0,0,5.917906046,13.71667951,58.61410578,11.49902367,9.473725908,0,11.49902367,11.60093989,19.49992445,0,0,21.83934621,42.46456948,5.022633314,0,35.53,0,4.794537184,11.70115099,17.19296677,17.06247516,0,49.57436702,0,0,21.0746658,10.64236545,5.995560114,12.55670871,0.612760107,1.505132931,1.208048916,12.46511687,0,0.361644936,1.59710641,0.1875,20,0,3,0,1,1,2,0,2,1,3,0,4,1,3,0,0,0,1,3.364908442,3,3.7075,77.0125,0,0,1,1,0,0,0,0,2,1,0,2,0,1,0,1,1,1,0,0,0,0,0,0,0,0,0,2
"28","21ab","O=C(C1COC2=CC=C(F)C=C12)C3=CC=C(OC)C=C3",13.31647958,13.31647958,0.072219388,-0.449912132,0.804881756,16.4,272.275,259.171,272.0848725,102,0.17339025,-0.49676779,0.49676779,0.17339025,1.25,2,2.7,19.14214461,9.921143523,2.308748541,-2.083545237,2.359330904,-2.139086345,6.015219617,0.094716556,2.892523459,1.905417197,649.2716028,14.1125197,10.92861828,10.92861828,9.685871848,6.293277734,6.293277734,4.638490431,4.638490431,3.443778417,3.443778417,2.35936034,2.35936034,-2.36,60777.70292,12.66258162,4.962274586,2.133298414,115.4965826,9.473725908,23.92312647,5.783244946,0,0,4.794537184,4.390415048,0,0,0,42.46456948,11.12690298,13.02770359,18.65867814,5.783244946,0,0,0,5.917906046,13.71667951,59.4086933,11.49902367,9.473725908,4.390415048,11.49902367,0,19.49992445,0,5.817220841,21.83934621,42.46456948,0,0,35.53,5.917906046,9.184952232,18.20734775,22.62592665,0,12.13273414,37.44163288,0,0,9.473725908,23.81868076,0,12.47734363,0,1.182712296,0.390562109,11.14031405,0,0.253620244,1.570100237,0.1875,20,0,3,0,1,1,2,0,2,1,3,0,4,1,3,0,0,0,1,3.141760349,3,3.1932,71.9605,0,0,1,1,0,0,0,0,2,1,0,2,0,1,0,1,1,1,0,0,0,0,0,0,0,0,0,2
"29","21ac","O=C(C1=CC=C(OC)C=C1)C2COC3=CC=C(C)C=C23",12.59979261,12.59979261,0.094447279,-0.209912132,0.800640733,16.4,268.312,252.184,268.1099444,102,0.17338856,-0.49676779,0.49676779,0.17338856,1.2,1.95,2.65,16.48366129,9.913319033,2.304693523,-2.08807714,2.360957748,-2.138731343,6.015572712,0.094719567,2.892523459,1.905417197,643.7847345,14.1125197,11.55065381,11.55065381,9.685871848,6.604295497,6.604295497,4.99762281,4.99762281,3.637234099,3.637234099,2.507924475,2.507924475,-2.29,60777.70292,12.72911507,5.003367866,2.155766686,117.6959893,9.473725908,18.10590563,5.783244946,0,0,4.794537184,0,0,0,17.69618563,37.25557254,11.12690298,13.02770359,14.26826309,5.783244946,0,0,0,12.84164325,13.71667951,59.15492395,11.49902367,9.473725908,0,11.49902367,0,19.49992445,0,6.9237372,27.40279771,42.46456948,0,0,35.53,0,4.794537184,11.70115099,12.17033346,22.62592665,0,31.37526582,25.12283841,0,9.473725908,10.71845463,0,12.59979261,0,2.820699161,1.456690891,13.18429554,0,2.441633603,1.611766904,0.235294118,20,0,3,0,1,1,2,0,2,1,3,0,3,1,3,0,0,0,1,3.184422265,3,3.36252,76.7395,0,0,1,1,0,0,0,1,2,1,0,2,0,0,0,1,1,1,0,0,0,0,0,0,0,0,0,1
"30","21ad","O=C(C1COC2=CC=C(OC)C=C12)C3=CC=C(OC)C=C3",12.64730537,12.64730537,0.045977891,-0.28843065,0.80940625,16,284.311,268.183,284.104859,108,0.173390853,-0.49676779,0.49676779,0.173390853,1.047619048,1.714285714,2.380952381,16.48555278,9.920045311,2.309789407,-2.093062472,2.377857855,-2.13861963,6.016001007,0.094717435,2.967421512,1.898073963,660.9903676,14.81962648,11.9589021,11.9589021,10.22387665,6.716667933,6.716667933,4.860098946,4.860098946,3.688899073,3.688899073,2.493560136,2.493560136,-2.49,106708.4776,13.49110089,5.480773739,2.444580116,122.8095345,14.21058886,23.85541746,5.783244946,0,0,4.794537184,0,0,0,0,42.46456948,11.12690298,20.13750113,19.00512605,5.783244946,0,0,0,5.917906046,20.82647705,53.59147246,17.2485355,14.21058886,0,17.2485355,0,26.60972199,0,0,21.83934621,42.46456948,0,0,44.76,0,4.794537184,11.70115099,12.17033346,22.81198699,0,38.48506336,18.19910121,0,14.21058886,15.92555009,0,12.64730537,0,1.537257364,1.971189752,12.67330016,0,0.368416163,3.210314431,0.235294118,21,0,4,0,1,1,2,0,2,1,4,0,4,1,4,0,0,0,1,3.521031976,3,3.0627,78.5545,0,0,1,1,0,0,0,0,2,1,0,3,0,0,0,1,1,2,0,0,0,0,0,0,0,0,0,2
"31","21ae","O=C(C1=CC=C2C(C(C3=CC=C(OC)C=C3)=O)COC2=C1)OC",12.67183847,12.67183847,0.016461929,-0.42932321,0.641518828,15.47826087,312.321,296.193,312.0997736,118,0.337481396,-0.49676779,0.49676779,0.337481396,1.043478261,1.739130435,2.391304348,16.52407779,9.915626657,2.312587497,-2.087194556,2.364369438,-2.138360589,6.019072746,0.059984763,3.031477446,1.862087,748.5073039,16.39697675,12.86715039,12.86715039,11.13456025,7.170792078,7.170792078,5.200529299,5.200529299,3.906605544,3.906605544,2.628348812,2.628348812,-2.82,263047.361,15.09021001,6.121590595,2.773335869,133.3359987,14.21058886,18.10590563,5.783244946,0,5.969305288,4.794537184,4.794537184,0,0,6.066367068,36.39820241,11.12690298,25.70095262,23.79966323,11.75255023,0,0,0,5.917906046,20.82647705,59.15492395,11.49902367,9.473725908,0,11.49902367,0,32.57902728,4.736862954,0,32.19733489,42.46456948,0,0,61.83,5.969305288,9.589074368,18.30803296,22.62592665,5.563451492,7.109797541,49.57436702,0,4.736862954,9.473725908,15.36589965,0,24.22582702,0,1.797742607,0.440506915,11.99539818,0,0.268672446,2.905953177,0.222222222,23,0,5,0,1,1,2,0,2,1,5,0,5,1,4,0,0,0,1,4.016351638,3,2.8407,83.342,0,0,2,2,0,0,0,0,2,1,1,3,0,0,0,1,1,2,0,0,0,0,0,0,0,0,0,2
"32","21af","O=C(C1COC2=CC(OC)=CC=C12)C3=CC=C(OC)C=C3",12.61171115,12.61171115,0.057009165,-0.264536092,0.80940625,16,284.311,268.183,284.104859,108,0.17338842,-0.49676779,0.49676779,0.17338842,1.047619048,1.714285714,2.380952381,16.488614,9.921097687,2.308076278,-2.087380319,2.378071042,-2.137526828,6.015671844,0.09471937,2.967491927,1.869243222,660.9903676,14.81962648,11.9589021,11.9589021,10.22387665,6.716667933,6.716667933,4.860098946,4.860098946,3.692674968,3.692674968,2.490823575,2.490823575,-2.49,106568.5701,13.49110089,5.480773739,2.444580116,122.8095345,14.21058886,23.85541746,5.783244946,0,0,4.794537184,0,0,0,6.066367068,30.33183534,17.19327005,20.13750113,19.00512605,5.783244946,0,0,0,5.917906046,20.82647705,53.59147246,17.2485355,14.21058886,0,17.2485355,0,26.60972199,0,0,21.83934621,42.46456948,0,0,44.76,0,4.794537184,11.70115099,12.17033346,22.81198699,0,38.48506336,18.19910121,0,14.21058886,15.88836683,0,12.61171115,0,1.573783436,1.979386569,12.7014113,0,0.368416163,3.210257885,0.235294118,21,0,4,0,1,1,2,0,2,1,4,0,4,1,4,0,0,0,1,3.521031976,3,3.0627,78.5545,0,0,1,1,0,0,0,0,2,1,0,3,0,0,0,1,1,2,0,0,0,0,0,0,0,0,0,2
"33","21ag","O=C(C1COC2=CC=CC(Br)=C12)C3=CC=C(OC)C=C3",12.61988142,12.61988142,0.067873205,-0.255583428,0.801395354,16.4,333.181,320.077,332.0048064,102,0.173431364,-0.49676779,0.49676779,0.173431364,1.25,2,2.7,79.91873113,9.922096299,2.322266902,-2.096478604,2.401171666,-2.141744027,9.103244433,0.094697381,2.918934453,1.929959893,649.2716028,14.1125197,10.92861828,12.51461482,9.7027086,6.299260798,7.092259067,4.60798936,5.46232626,3.457903002,4.149404208,2.400971607,3.025308218,-1.81,62885.52385,13.18596184,5.288121004,2.201804792,125.1985948,9.473725908,18.10590563,5.783244946,0,0,4.794537184,0,0,0,21.99631097,36.39820241,15.5996225,13.02770359,14.26826309,21.71318884,0,0,0,5.917906046,13.71667951,58.06419198,11.49902367,9.473725908,0,11.49902367,15.9299439,19.49992445,0,0,21.83934621,46.937289,0,0,35.53,0,4.794537184,11.70115099,12.17033346,21.53519467,0,31.37526582,18.19910121,15.9299439,9.473725908,11.62624879,3.499154985,12.61988142,0,1.607704738,1.337326179,12.89519435,0,0.3916758,1.606147069,0.1875,20,0,3,0,1,1,2,0,2,1,3,0,4,1,3,0,0,0,1,3.486448088,3,3.8166,79.7025,0,0,1,1,0,0,0,0,2,1,0,2,0,1,0,1,1,1,0,0,0,0,0,0,0,0,0,2
"34","21ah","O=C(C1COC2=C(Cl)C=CC=C12)C3=CC=C(OC)C=C3",12.55670871,12.55670871,0.035805304,-0.294356576,0.807848936,16.4,288.73,275.626,288.055322,102,0.173389393,-0.49676779,0.49676779,0.173389393,1.25,2,2.7,35.49569165,9.922185628,2.316735486,-2.083252273,2.401512017,-2.137321018,6.319007153,0.094718717,2.91884067,1.910876102,649.2716028,14.1125197,10.92861828,11.68454723,9.7027086,6.299260798,6.677225271,4.614529402,5.021729529,3.458219298,3.755850249,2.382038625,2.618441339,-2,63163.7121,13.005,5.174791914,2.141582391,121.6343134,9.473725908,18.10590563,5.783244946,0,0,4.794537184,0,0,0,23.73367403,30.33183534,11.12690298,18.0503369,14.26826309,17.38418484,0,0,0,5.917906046,13.71667951,58.61410578,11.49902367,9.473725908,0,11.49902367,11.60093989,19.49992445,0,0,21.83934621,42.46456948,5.022633314,0,35.53,0,4.794537184,11.70115099,22.9424786,11.31296332,0,37.44163288,12.13273414,0,21.0746658,10.64485002,6.072396534,12.55670871,0.548639737,1.505132931,1.096721755,12.58565699,0,0.337231356,1.59710641,0.1875,20,0,3,0,1,1,2,0,2,1,3,0,4,1,3,0,0,0,1,3.364908442,3,3.7075,77.0125,0,0,1,1,0,0,0,0,2,1,0,2,0,1,0,1,1,1,0,0,1,0,0,0,0,0,0,2
"35","21ai","O=C(C1C2=CC3=CC=CC=C3C=C2OC1)C4=CC=C(OC)C=C4",12.82457373,12.82457373,0.084892763,-0.247221277,0.680048886,15.95652174,304.345,288.217,304.1099444,114,0.173388773,-0.49676779,0.49676779,0.173388773,1.043478261,1.739130435,2.434782609,16.48368535,9.90719508,2.309150782,-2.091986825,2.383933897,-2.137968659,6.024794365,0.094722737,3.016138768,1.714507837,881.032304,15.81119031,12.78270461,12.78270461,11.25835149,7.598312433,7.598312433,5.693527223,5.693527223,4.350073312,4.350073312,3.070613714,3.070613714,-2.81,381445.0377,13.82562494,5.431779995,2.343543845,134.0127117,9.473725908,18.10590563,5.783244946,0,0,4.794537184,0,0,0,24.26546827,47.17065084,11.12690298,13.02770359,14.26826309,16.55569338,0,0,0,5.917906046,13.71667951,71.79057367,11.49902367,9.473725908,0,11.49902367,0,19.49992445,0,0,21.83934621,60.66367068,0,10.77244843,35.53,0,4.794537184,11.70115099,12.17033346,27.83492359,0,19.24253168,30.33183534,18.19910121,9.473725908,10.90403077,0,12.82457373,2.257479046,1.657339511,1.398947216,19.44422482,0,0.399323192,1.614081719,0.15,23,0,3,0,1,1,3,0,3,1,3,0,3,1,3,0,0,0,1,3.265119694,4,4.2073,89.5085,0,0,1,1,0,0,0,0,3,2,0,2,0,0,0,1,1,1,0,0,0,0,0,0,0,0,0,2
"36","21aj","O=C(C1COC2=CC=CN=C21)C3=CC=C(OC)C=C3",12.44849254,12.44849254,0.027873205,-0.315189909,0.790332623,16.57894737,255.273,242.169,255.0895433,96,0.174993973,-0.49676779,0.49676779,0.174993973,1.315789474,2.105263158,2.842105263,16.48420669,9.956646451,2.316086895,-2.073425638,2.334080775,-2.145799967,6.012010411,0.094594571,2.903930161,1.885536421,607.0426812,13.24227621,10.4978674,10.4978674,9.292024998,6.053409114,6.053409114,4.343120983,4.343120983,3.226335022,3.226335022,2.194890336,2.194890336,-2.36,43407.94805,11.71480337,4.723353624,2.053838355,110.5506952,9.473725908,24.02381168,5.783244946,0,0,9.778515705,0,0,0,0,36.39820241,11.76029506,12.80372554,14.26826309,5.783244946,0,4.983978521,0,5.917906046,13.71667951,53.85242547,11.49902367,9.473725908,0,11.49902367,0,24.48390297,0,0,21.96982272,42.59504598,0,0,48.42,0,4.794537184,11.70115099,17.91984529,11.44343983,0,43.63847646,6.066367068,4.983978521,9.473725908,10.57287892,0,16.69896936,0,1.371501034,1.149821035,10.7337858,1.682355967,0.358342467,1.599012083,0.2,19,0,4,0,1,1,1,1,2,1,4,0,4,2,3,0,0,0,1,2.912271523,3,2.4491,69.7975,1,0,1,1,1,0,0,0,1,1,0,2,0,0,0,1,1,1,0,0,0,0,0,1,0,0,0,2
"37","21ak","O=C(C1COC2=CC=CC=C12)C3=C(C)N(CCN4CCOCC4)C5=C3C=CC=C5",13.64348518,13.64348518,0.160900468,-0.23296355,0.62413641,19.27586207,390.483,364.275,390.1943427,150,0.175812914,-0.492159001,0.492159001,0.175812914,1.034482759,1.793103448,2.655172414,16.48435625,9.908068159,2.332704819,-2.266162102,2.378362083,-2.377974857,6.123002625,0.036463654,3.311526927,1.493502084,1049.460433,19.79431797,16.76507195,16.76507195,14.23718344,10.37669745,10.37669745,7.848877386,7.848877386,6.237221023,6.237221023,4.65021945,4.65021945,-2.63,9846202.749,18.40184975,7.653369268,3.242506998,170.3754988,14.04082556,12.3563938,5.783244946,0,0,9.694446915,0,0,0,36.39820241,19.05647134,53.90278153,19.13166998,14.26826309,16.68616988,0,9.467009379,0,19.38639965,39.45491511,65.35176753,5.749511833,4.736862954,0,5.749511833,0,54.70516944,11.28161936,6.9237372,27.53327421,48.53093655,0,10.90292493,43.7,0,4.794537184,11.70115099,6.606881965,72.8660573,0,0,30.33183534,34.58984778,9.473725908,13.56042183,0,16.07430281,1.042924645,4.025535984,0.760861632,16.15166968,0,7.88428341,0,0.375,29,0,5,0,2,2,2,1,3,1,5,0,5,3,5,0,1,1,1,4.856419012,5,3.64082,112.9425,1,0,1,1,2,0,0,0,2,2,0,2,0,0,0,1,1,0,1,0,2,0,0,0,0,0,0,1
"38","26","C[C@H]1OC2=CC=CC=C2[C@@H]1C(C3=CC=C(OC)C=C3)=O",12.6989092,12.6989092,0.08805839,-0.236486206,0.799835073,20.1,268.312,252.184,268.1099444,102,0.173675546,-0.49676779,0.49676779,0.173675546,1.1,1.8,2.5,16.49561357,9.881742851,2.362228066,-2.13591911,2.393223097,-2.221753459,6.018810487,0.090854052,2.82168583,1.935310121,630.9383057,14.1125197,11.49824756,11.49824756,9.7027086,6.643074333,6.643074333,4.931218783,4.931218783,3.693353539,3.693353539,2.655216221,2.655216221,-2.29,59390.84335,12.72911507,5.003367866,2.051158994,117.6959893,9.473725908,17.60299005,5.783244946,0,0,4.794537184,0,0,0,18.19910121,37.25557254,11.12690298,13.02770359,14.26826309,5.783244946,0,0,0,18.94560963,7.109797541,59.65783953,11.49902367,9.473725908,0,11.49902367,0,18.99700888,0,0,28.76308341,48.53093655,0,0,35.53,0,4.794537184,17.80511738,5.563451492,17.06247516,0,31.37526582,31.18920547,0,9.473725908,10.87718062,0,12.6989092,0,1.656269553,1.411324247,14.94568495,-0.137035489,1.936597222,1.611069696,0.235294118,20,0,3,0,1,1,2,0,2,2,3,0,3,1,3,0,0,0,0,3.184422265,3,3.4426,76.5975,0,0,1,1,0,0,0,0,2,1,0,2,0,0,0,1,1,1,0,0,1,0,0,0,0,0,0,2
"39","27","O=C(C1=CC=C(OC)C=C1)C2=C(C)OC3=CC=CC=C23",12.64103883,12.64103883,0.03231198,-0.03231198,0.672994034,10.7,266.296,252.184,266.0942943,100,0.196663567,-0.496767786,0.496767786,0.196663567,1.05,1.75,2.45,16.46532156,10.00333208,2.186825443,-2.024921886,2.274287945,-2.016266059,6.163386024,0.10339139,2.82168583,2.094018955,766.5343824,14.1125197,11.34354702,11.34354702,9.7027086,6.373462346,6.373462346,4.587033393,4.587033393,3.350779958,3.350779958,2.336713501,2.336713501,-2.55,59390.84335,12.48211055,4.851302195,1.971637756,116.3343848,9.154013891,17.09277939,5.783244946,0,0,4.794537184,0,0,0,18.19910121,37.25557254,10.94967571,12.67324903,13.94855107,16.7524893,0,0,0,6.9237372,7.109797541,65.41808695,5.749511833,4.736862954,0,5.749511833,0,12.89304249,0,6.9237372,21.68168759,52.94808748,0,10.96924436,39.44,0,4.794537184,5.783244946,16.8871504,16.71875619,0,31.37526582,31.18920547,0,9.154013891,10.74479919,0,12.64103883,0.852609311,1.993594052,1.34485623,14.67179606,0,1.816226852,1.601746137,0.117647059,20,0,3,0,0,0,2,1,3,0,3,0,3,1,3,0,0,0,0,3.027724515,3,3.98082,77.3775,0,0,1,1,0,0,0,1,2,1,0,1,1,0,0,1,0,1,0,0,1,0,0,0,0,0,0,2
"40","31","C=C(CC1=CC=CC=C1O)C(C2=CC=C(OC)C=C2)=O",12.2379554,12.2379554,0.128790627,-0.128790627,0.667622113,10.05,268.312,252.184,268.1099444,102,0.188256185,-0.507663573,0.507663573,0.188256185,1.15,1.8,2.4,16.4652942,9.977426202,2.120668638,-2.073619462,2.210173857,-2.048259459,6.08129749,0.102765845,2.486047445,2.121884642,626.9383057,14.53516943,11.29672589,11.29672589,9.613392203,6.249481025,6.249481025,4.466668103,4.466668103,3.068776932,3.068776932,1.917004267,1.917004267,-2.55,36614.50677,13.87185354,6.062437809,3.063619151,117.6929059,9.843390349,11.49902367,5.783244946,0,0,4.794537184,0,0,0,24.77803689,41.46839136,11.98427311,7.109797541,14.63792753,5.783244946,0,0,0,6.420821623,7.109797541,71.80987974,11.49902367,4.736862954,0,11.49902367,0,17.99956988,6.420821623,0,15.92144017,60.68297676,0,0,46.53,0,9.901064579,11.53275678,28.87034097,0,0,49.57436702,6.066367068,6.578935684,4.736862954,5.053990797,0,12.2379554,9.711111207,1.696527253,0.749956575,13.82417196,0.330888763,3.818078153,1.577319888,0.117647059,20,1,3,0,0,0,2,0,2,0,3,1,3,0,5,0,0,0,0,4.204862469,2,3.3824,78.2753,0,1,1,1,0,0,1,0,2,0,0,1,0,0,0,1,1,1,0,0,1,1,1,0,0,0,0,1
"41","32","O=C(C1COC2=C(C=CC=C2)C1)C3=CC=C(OC)C=C3",12.48833428,12.48833428,0.112689909,-0.112689909,0.80224119,16.95,268.312,252.184,268.1099444,102,0.16918702,-0.49676779,0.49676779,0.16918702,1.15,1.9,2.65,16.47995215,9.896658358,2.260036301,-2.238815256,2.28327293,-2.277823563,5.979558761,0.085488716,2.535601898,1.780544425,616.3871725,13.94938299,11.33511086,11.33511086,9.775188245,6.666738441,6.666738441,4.912526805,4.912526805,3.624270036,3.624270036,2.487404519,2.487404519,-2.29,58399.98292,12.72911507,5.371007619,2.390498446,117.6959893,9.473725908,11.49902367,5.783244946,0,0,4.794537184,0,0,0,18.19910121,42.31610846,5.563451492,19.63458555,14.26826309,5.783244946,0,0,5.917906046,6.420821623,13.71667951,59.65783953,11.49902367,9.473725908,0,11.49902367,0,19.49992445,6.420821623,5.917906046,15.92144017,48.53093655,0,0,35.53,0,4.794537184,11.70115099,12.17033346,23.48329678,0,7.109797541,48.53093655,0,9.473725908,10.78295694,0,12.48833428,0,1.809622963,1.665297893,15.12318588,0.737138763,0.44630543,1.613824517,0.235294118,20,0,3,0,1,1,2,0,2,1,3,0,3,1,3,0,0,0,1,3.4184087,3,3.1292,76.4555,0,0,1,1,0,0,0,0,2,1,0,2,0,0,0,1,1,1,0,0,1,0,0,0,0,0,0,2
"42","33","O=C(C1=CC=C(C=C1)OC)[C@H]2[C@@H](C2)C3=CC=CC=C3O",12.37915911,12.37915911,0.016949169,-0.016949169,0.864523666,20.45,268.312,252.184,268.1099444,102,0.166080784,-0.507664476,0.507664476,0.166080784,1.15,1.85,2.5,16.46529622,10.02049355,2.44558564,-2.042545381,2.510425402,-2.027268316,6.000682935,0.096492752,3.272593689,1.752250179,630.9383057,14.1125197,11.24431965,11.24431965,9.7027086,6.666001036,6.666001036,5.10025644,5.10025644,3.837972773,3.837972773,2.598922823,2.598922823,-2.29,84485.27868,12.72911507,5.003367866,2.268585688,117.3766778,9.843390349,11.49902367,5.783244946,0,0,4.794537184,0,0,0,18.19910121,48.2340145,11.48135754,7.109797541,14.63792753,5.783244946,0,0,5.917906046,12.33872767,7.109797541,59.65783953,11.49902367,4.736862954,0,11.49902367,0,17.99956988,0,5.917906046,28.26016784,48.53093655,0,0,46.53,0,9.901064579,23.36856887,5.563451492,17.73378495,0,43.50799995,12.13273414,0,4.736862954,5.086835184,0,12.37915911,9.831527874,1.57692833,1.29216145,14.4223116,0.807972096,0,1.603104353,0.235294118,20,1,3,1,0,1,2,0,2,2,3,1,3,0,4,1,0,1,0,3.184422265,3,3.3872,76.2793,0,1,1,1,0,0,0,0,2,0,0,1,0,0,0,1,1,1,0,0,1,1,1,0,0,0,0,2
