,B1_1,B5_1,L_1,loc.B5_1,loc.B1_1,B1_2,B5_2,L_2,loc.B5_2,loc.B1_2,B1_3,B5_3,L_3,loc.B5_3,loc.B1_3,NPA_1,NPA_2,NPA_3,NPA_4,NPA_5,NPA_6,NPA_8,NPA_9,NPA_10,NPA_13,NPA_Metalla,diff_9_13,diff_4_10,diff_3_9,diff_3_4,diff_9_Metalla,diff_10_Metalla,diff_4_Metalla,dip_x_1,dip_y_1,dip_z_1,Total_1,dip_x_2,dip_y_2,dip_z_2,-4-10-,Dihedral(9_3_4_10),Dihedral(4_3_9_13),Dihedral(4_3_9_M),Angle(4_3_13),Angle(4_3_M),"Dist(9, 13)","Dist(3, 9)","Dist(3, 4)","Dist(4, 10)","Dist(3, 13)","Dist(3, M)",Iso.Polar,Aniso.Polar,V_bur,Rotatble_p30,Rotatble_m30,NPA_M_p30,NPA_M_m30,Rot_multiply,class
A,1.96,3.27,9.09,6.62,7.89,1.97,5.8,4.06,-2.38,1.64,1.83,6.82,4.09,-0.05,1.28,-0.21005,-0.19299,-0.07687,-0.17506,-0.2074,-0.20586,0.20923,0.18635,0.23366,-0.42223,-0.42223,0.60858,0.40872,0.26322,0.09819,0.60858,0.65589,0.24717,1.5001,-0.6921,-0.6796,1.7864,-1.352,0.9488,0.6804,3237.7824,0.645907293,24.44203549,24.44203549,92.16284119,92.16284119,1.335396216,1.484863527,1.394270119,1.081316048,2.403427722,2.403427722,131.28,106.801,0.32765328,1.6298317,0.3216616,-0.688163839,-0.135815177,0.524254272,1
B,1.96,3.29,9.09,6.62,2.41,1.93,7.35,4.06,-3.94,1.72,1.98,6.83,4.11,-0.09,1.25,-0.30892,-0.16509,-0.11233,-0.15296,-0.24911,0.30209,0.20883,0.19323,0.23568,-0.42698,-0.42698,0.62021,0.38864,0.30556,0.04063,0.62021,0.66266,0.27402,1.3968,-2.1434,-0.6117,2.6305,-2.5565,0.1351,0.6044,3238.2948,0.471941162,22.16721722,22.16721722,91.95337521,91.95337521,1.336021356,1.481789439,1.399007528,1.081312148,2.401125569,2.401125569,153.304,135.709,0.328165766,1.6319652,0.188755,-0.696816501,-0.08059461,0.308041591,1
C,1.94,3.28,9.11,6.64,7.91,1.95,6.98,4.06,-1.91,1.71,1.98,6.83,4.1,-0.09,3.06,-0.21051,-0.18319,-0.08837,-0.16557,-0.20663,-0.01668,0.20852,0.18912,0.23346,-0.42381,-0.42381,0.61293,0.39903,0.27749,0.0772,0.61293,0.65727,0.25824,1.037,-0.9267,-0.6704,1.5439,-1.3242,0.4281,0.6684,3235.1978,0.603256334,23.22309584,23.22309584,92.14273808,92.14273808,1.335749936,1.483613634,1.39531055,1.081399902,2.403069944,2.403069944,146.976,125.194,0.327443627,1.6000249,0.2582831,-0.678106553,-0.109462961,0.413259391,1
D,2.5,3.28,9.07,6.6,-0.12,2.01,8.06,4.05,-1.74,-0.25,2.56,6.82,4.09,-0.05,-0.51,-0.18243,-0.1894,-0.05538,-0.17094,-0.17729,-0.14836,0.21504,0.17797,0.24006,-0.41956,-0.41956,0.59753,0.411,0.23335,0.11556,0.59753,0.65962,0.24862,4.4516,0.9141,-0.6168,4.5862,-1.4351,4.3095,0.6338,3243.1819,0.64943851,24.16676493,24.16676493,91.87221418,91.87221418,1.334804057,1.485559702,1.396072888,1.080865891,2.400272507,2.400272507,145.515,119.068,0.32801435,1.6116339,0.3067268,-0.676177119,-0.128690296,0.494331309,1
E,1.95,3.27,9.08,6.61,7.88,1.97,7,4.05,-1.9,1.64,1.9,6.82,4.1,-0.05,-1.16,-0.15496,-0.19529,-0.04301,-0.1825,-0.16524,-0.1796,0.21386,0.17543,0.23861,-0.41903,-0.41903,0.59446,0.42111,0.21844,0.13949,0.59446,0.65764,0.23653,3.4745,2.4786,-0.6609,4.3188,0.4102,4.2446,0.6838,3239.7751,0.687436001,23.98004526,23.98004526,91.80474921,91.80474921,1.335234246,1.485236679,1.393872503,1.080879913,2.400978915,2.400978915,151.76,141.994,0.328055116,1.6485315,0.2936119,-0.690784154,-0.123032194,0.484028466,1
F,1.94,3.45,9.1,-2.04,6.74,1.93,8.59,4.06,-3.75,1.65,1.9,6.83,4.11,-0.12,1.23,-0.24144,-0.16621,-0.09954,-0.15817,-0.23834,0.14624,0.21068,0.1897,0.23678,-0.42692,-0.42692,0.61662,0.39495,0.28924,0.05863,0.61662,0.6637,0.26875,-1.0675,1.6404,-0.4392,2.0058,1.9533,-0.1012,0.4449,3237.5923,0.530574013,21.4100382,21.4100382,91.77507914,91.77507914,1.336089224,1.482253778,1.395058911,1.081127905,2.40099165,2.40099165,176.875,169.358,0.327892052,1.6331575,0.1452685,-0.6972276,-0.062018028,0.23724634,1
G,2.24,4.33,9.06,2.14,2.39,2.17,5.86,4.05,-2.26,1.58,1.93,6.68,3.95,0.52,1,-0.2075,-0.00408,-0.07577,-0.16696,-0.21807,-0.19902,-0.62587,0.18569,0.22665,-0.41927,-0.41927,0.60496,0.39361,0.26146,0.09119,0.60496,0.64592,0.25231,1.6762,-0.5766,-1.0964,2.0843,-1.3397,1.157,1.1002,3229.9352,1.533921918,41.67472167,41.67472167,93.78863244,93.78863244,1.335838237,1.487682216,1.395690067,1.081950109,2.401963755,2.401963755,141.931,96.3959,0.330489424,1.213165,2.3918798,-0.50864369,-1.002843444,2.901744858,1
H,2.19,4.22,9.07,5.24,3.78,2.26,5.92,4.07,-2.14,-1.12,1.99,6.73,3.79,0.4,-0.4,-0.21145,-0.19587,-0.07104,-0.17446,-0.20896,-0.20741,0.20944,0.1823,0.22753,-0.41426,-0.41426,0.59656,0.40199,0.25334,0.10342,0.59656,0.64179,0.2398,1.4491,-0.6385,-1.2872,2.0407,-1.2843,0.9243,1.2886,3231.8766,0.397993267,41.50164195,41.50164195,94.96662044,94.96662044,1.336027155,1.487869155,1.394006583,1.081917539,2.381063263,2.381063263,141.838,95.603,0.322889489,1.2374497,2.3323291,-0.512625913,-0.966190653,2.886139945,1
I,1.7,4.43,9.06,4.69,2.38,1.7,5.65,4.06,-2.6,-1.07,1.7,6.85,4.15,-0.44,-1.08,-0.18637,-0.06049,-0.0583,-0.17075,-0.20783,-0.20238,-0.17147,0.18308,0.23812,-0.41309,-0.41309,0.59617,0.40887,0.24138,0.11245,0.59617,0.65121,0.24234,1.4187,-0.9445,0,1.7043,-1.531,0.7489,0,3241.754,0.000202492,0.007423406,0.007423406,92.01523696,92.01523696,1.346927042,1.449408145,1.404962343,1.08102977,2.403995179,2.403995179,156.961,137.955,0.325317974,4.7317391,4.72697,-1.954634105,-1.952664037,22.36678877,1
J,1.7,3.14,9.03,6.7,2.4,1.7,5.74,4.03,-2.48,-1.02,1.7,6.73,4.17,2.01,-1.08,-0.21408,-0.17236,-0.10482,-0.17236,-0.21408,-0.19676,0.23535,0.39668,0.23535,-0.45058,-0.45058,0.84726,0.40771,0.5015,0.06754,0.84726,0.68593,0.27822,1.4871,0.8569,-4.00E-04,1.7163,0,1.7163,4.00E-04,3241.4986,0.000344535,0.009952221,0.009952221,90.92059724,90.92059724,1.335604555,1.48445,1.393846417,1.080935975,2.413287401,2.413287401,126.738,108.463,0.327298034,1.0312499,1.0328187,-0.46466058,-0.46536745,1.065094181,1
AB,2.09,6.14,11.24,7.79,9.2,2.24,5.56,7.88,-2.64,-0.33,1.82,7.93,7.74,-0.26,0.97,-0.19288,-0.22652,0.13092,-0.21108,-0.19169,-0.21448,0.22016,-0.14815,0.24355,-0.25906,-0.25906,0.11091,0.45463,-0.27907,0.342,0.11091,0.50261,0.04798,-2.8552,0.3851,0.5219,2.928,1.7607,-2.2797,-0.5251,3252.0639,0.828664266,21.26334671,21.26334671,91.83237517,91.83237517,1.347670542,1.419189336,1.388664967,1.07994418,2.397914857,2.397914857,205.408,161.347,0.351320816,1.1714356,0.0921184,-0.303472107,-0.023864193,0.107910773,2
AC,2.17,9.67,10.42,4.03,7.72,2.53,7,4.08,-1.35,-0.04,2.25,9.34,4.31,-4.87,3.59,-0.25255,-0.14205,-0.13982,0.07935,-0.42212,0.21493,0.21965,0.19986,0.20584,-0.39285,-0.39285,0.59271,0.12649,0.33968,-0.21917,0.59271,0.59869,0.4722,2.9066,1.9624,-0.8924,3.6188,0.3345,3.4836,0.9208,3196.49,0.82818354,39.87466608,39.87466608,95.00086531,95.00086531,1.335068846,1.482339419,1.394871877,1.084476736,2.379953679,2.379953679,263.455,147.083,0.314369409,1.7814381,2.4468497,-0.699837958,-0.961244905,4.358911281,2
AD,1.7,6.82,6.23,0.48,2.41,1.7,6.89,2.55,-4.8,1.7,1.7,4.48,2.76,-4.69,-1.09,-0.02697,-0.00528,-0.16558,-0.15106,-0.1888,-0.03008,-0.19666,0.41588,0.23953,-0.51933,-0.51933,0.93521,0.39059,0.58146,-0.01452,0.93521,0.75886,0.36827,-1.4001,-3.9373,-7.00E-04,4.1788,-2.7273,-3.1661,7.00E-04,3229.9679,0.000354399,0.021640149,0.021640149,91.78846363,91.78846363,1.204945885,1.481978044,1.395139257,1.082220408,2.369758043,2.369758043,209.212,199.884,0.313612328,0.9555094,0.9524346,-0.496224697,-0.494627861,0.910060213,2
K,2.02,3.84,11.22,6.59,10.19,2.26,5.61,5.66,-0.47,3.27,1.89,8.19,5.58,3.84,0.98,-0.21368,-0.17866,-0.12097,-0.16655,-0.20849,-0.19494,0.21139,0.13744,0.23484,-0.40576,-0.40576,0.5432,0.40139,0.25841,0.04558,0.5432,0.6406,0.23921,0.0503,-1.4916,-0.0511,1.4933,-1.3171,-0.702,0.0514,3232.0742,0.043379264,1.460225202,1.460225202,94.87155099,94.87155099,1.266562607,1.46941798,1.395554954,1.082064654,2.40235806,2.40235806,165.609,150.809,0.324555069,1.3821535,1.3194652,-0.560822604,-0.5353862,1.823703444,2
L,1.7,3.14,6.29,0.15,2.39,1.7,5.6,2.55,-0.58,1.7,1.7,4.41,2.64,-0.53,1.8,-0.21643,-0.17026,-0.18317,-0.15746,-0.2112,-0.1823,0.21486,0.42526,0.23543,-0.51254,-0.51254,0.9378,0.39289,0.60843,-0.02571,0.9378,0.74797,0.35508,-1.5361,-2.9264,-0.0017,3.3051,-1.7702,-2.791,0.0015,3224.7437,0.005204709,0.069551217,0.069551217,95.64174587,95.64174587,1.201412033,1.481117731,1.393231835,1.082544122,2.376607429,2.376607429,79.9202,56.4281,0.304177926,1.6802835,1.665286,-0.861212505,-0.853525686,2.798152589,2
M,1.8,3.14,6.27,0.12,0.07,1.7,6.72,2.55,-3.38,1.7,1.8,4.41,2.64,-3,-1.2,-0.23411,-0.15561,-0.1888,-0.14262,-0.22827,-0.02673,0.22005,0.42406,0.24057,-0.50984,-0.50984,0.9339,0.38319,0.61286,-0.04618,0.9339,0.75041,0.36722,-0.1513,-2.1357,-0.0013,2.1411,-1.7772,-1.1941,0.0013,3218.7243,0.002139623,0.03311833,0.03311833,95.56773185,95.56773185,1.201360995,1.48055924,1.393284202,1.082633066,2.374455839,2.374455839,94.8833,78.7904,0.304515701,1.7314883,1.7240837,-0.882781995,-0.879006834,2.985230755,2
N,1.95,3.14,6.27,0.13,0.06,1.7,7,2.55,-3.47,1.7,1.95,4.71,2.64,-3.08,-1.13,-0.23948,-0.15471,-0.18655,-0.14237,-0.23385,-0.0726,0.22053,0.42401,0.24107,-0.50869,-0.50869,0.9327,0.38344,0.61056,-0.04418,0.9327,0.74976,0.36632,-0.0913,-2.0981,0.0014,2.1,-1.7742,-1.1236,-0.0015,3219.2973,0.003576269,0.031822825,0.031822825,95.55043707,95.55043707,1.201417849,1.480851475,1.392962138,1.082697863,2.374248456,2.374248456,103.223,87.9184,0.304474935,1.7041916,1.711157,-0.866905225,-0.870448454,2.916139386,2
O,2.15,3.15,6.28,0.14,0.06,1.7,7.37,2.55,-3.58,1.7,2.15,5.08,2.64,-3.18,-1.03,-0.24737,-0.15579,-0.18474,-0.14264,-0.24202,-0.12984,0.22042,0.42429,0.24095,-0.50815,-0.50815,0.93244,0.38359,0.60903,-0.0421,0.93244,0.7491,0.36551,-0.2839,-2.2063,-7.00E-04,2.2245,-1.7716,-1.3454,7.00E-04,3219.1806,0.001486163,0.018897738,0.018897738,95.56538518,95.56538518,1.20112861,1.48137348,1.392606674,1.08271819,2.374607448,2.374607448,115.217,102.085,0.304480758,1.694277,1.6901981,-0.860946858,-0.858874165,2.863663766,2
P,2.11,3.15,6.31,-4.11,-1.88,1.7,8.95,2.55,-3.43,1.7,2.01,6.75,2.64,-4.89,-0.76,-0.2054,-0.16112,-0.18645,-0.14948,-0.19927,-0.01626,0.21561,0.42436,0.23612,-0.51461,-0.51461,0.93897,0.3856,0.61081,-0.03697,0.93897,0.75073,0.36513,-1.9926,-3.1764,-0.0104,3.7496,-1.7576,-3.3122,0.0096,3225.8198,0.51210088,0.127745513,0.127745513,95.87254564,95.87254564,1.202071021,1.479038531,1.393264775,1.082613025,2.375973149,2.375973149,155.746,137.75,0.303915859,1.7328688,1.730045,-0.891751613,-0.890298457,2.997941003,2
Q,1.78,3.15,6.3,0.16,2.4,1.7,6.61,2.55,-4.89,1.7,1.82,4.44,2.63,-4.41,-3.53,-0.31918,-0.1408,-0.21789,-0.13771,-0.25175,0.32583,0.21467,0.42413,0.23657,-0.52445,-0.52445,0.94858,0.37428,0.64202,-0.08018,0.94858,0.76102,0.38674,-1.7916,-4.5382,5.00E-04,4.8791,-3.0448,-3.8124,-5.00E-04,3218.1621,0.000369823,0.023996449,0.023996449,96.06821756,96.06821756,1.203416039,1.473367273,1.398921154,1.082628258,2.374294016,2.374294016,100.616,79.3591,0.303694558,1.9651103,1.9711344,-1.030602097,-1.033761436,3.873496512,2
S,1.7,3.44,6.3,-2.05,3.78,1.7,7.96,2.55,-4.36,1.7,1.7,5.77,2.63,-3.8,-0.36,-0.25297,-0.14219,-0.20799,-0.14051,-0.24339,0.17098,0.21651,0.42408,0.23715,-0.52233,-0.52233,0.94641,0.37766,0.63207,-0.06748,0.94641,0.75948,0.38182,-4.4537,-0.8438,0.0764,4.5335,1.4983,-4.2781,-0.0759,3225.5074,0.003018208,0.011609649,0.011609649,95.87487212,95.87487212,1.203252957,1.475082699,1.394698367,1.082495869,2.373860658,2.373860658,122.006,105.821,0.303479081,1.9020455,1.9048693,-0.993495426,-0.994970381,3.62314808,2
U,1.98,4.62,11.09,8.66,2.4,2.02,5.79,6.17,-2.41,3.76,1.84,7.9,6.18,2.06,1.26,-0.2103,-0.19262,-0.07903,-0.1723,-0.20762,-0.20391,0.20965,0.20909,0.2335,-0.40875,-0.40875,0.61784,0.4058,0.28812,0.09327,0.61784,0.64225,0.23645,1.3513,-0.589,-0.6079,1.5945,-1.1879,0.8724,0.6087,3234.3353,0.16810723,24.64546156,24.64546156,92.65173662,92.65173662,1.310656041,1.485650881,1.394642994,1.081370693,2.389637796,2.389637796,185.94,174.706,0.34186312,1.648155,0.3386043,-0.673683356,-0.138404508,0.55807237,2
V,1.7,5.22,9.17,4.7,3.78,2.21,5.38,6.14,-1.2,-0.74,1.7,6.33,4.49,3.21,1.7,-0.19892,-0.24356,0.279,-0.2372,-0.19863,-0.22623,0.22452,-0.46996,0.22502,0.49654,-0.47634,-0.9665,0.46222,-0.74896,0.5162,0.00638,0.70136,0.23914,0.8091,1.1752,0.4012,1.4822,0.6131,1.2874,-0.4043,3236.525,4.851951991,58.74151607,63.897873,103.5540254,87.44470019,1.357869614,1.383111758,1.386436276,1.081223834,2.378795845,2.721777129,131.534,80.9848,0.351082044,0.0618724,0.912274,-0.029472299,-0.434552597,0.056444582,2
W,1.89,3.14,7.88,0.16,7.7,1.82,5.57,3.31,-0.62,0.63,1.74,6.38,3.31,0.18,0.98,-0.21341,-0.17511,-0.1219,-0.16241,-0.21277,-0.19591,0.23062,0.5309,0.23723,-0.46977,-0.46977,1.00067,0.39964,0.6528,0.04051,1.00067,0.707,0.30736,1.0495,-0.5345,0,1.1778,-0.9868,0.643,0,3234.6666,1.79E-05,0.009608137,0.009608137,94.36887691,94.36887691,1.264462739,1.471405924,1.392861279,1.081860251,2.438354616,2.438354616,110.538,78.7137,0.313326966,1.1524221,1.150916,-0.54137333,-0.540665809,1.326341034,2
X,1.7,3.15,8.62,2.61,2.4,1.7,5.59,3.87,-0.43,-1.26,1.7,6.82,3.94,1.06,-1.08,-0.2069,-0.1874,-0.09998,-0.17176,-0.20486,-0.20308,0.21313,0.03523,0.23701,-0.42768,-0.42768,0.46291,0.40877,0.13521,0.07178,0.46291,0.66469,0.25592,0.6656,-0.8914,5.00E-04,1.1125,-1.1048,0.1312,-5.00E-04,3237.805,5.51E-05,0.003415703,0.003415703,92.80571789,92.80571789,1.299504093,1.470369776,1.394868671,1.081394542,2.446057999,2.446057999,126.33,103.825,0.319366148,0.5625627,0.5622489,-0.240596816,-0.24046261,0.316300259,2
Y,1.91,3.14,8.22,2.62,6.57,1.93,5.56,3.73,-2.65,2.26,1.8,6.57,3.75,0.74,-0.41,-0.19504,-0.23285,0.13951,-0.21527,-0.1925,-0.22225,0.21606,-0.16764,0.24422,-0.2639,-0.2639,0.09626,0.45949,-0.30715,0.35478,0.09626,0.50812,0.04863,0.3161,-1.709,-0.6878,1.8691,-1.6388,-0.582,0.685,3249.8534,0.539589367,20.66445725,20.66445725,91.96842401,91.96842401,1.341314549,1.415648727,1.389830259,1.080047913,2.392288698,2.392288698,114.522,90.2591,0.318131523,1.2314883,0.0969502,-0.324989762,-0.025585158,0.119393037,2
Z,1.85,3.15,8.22,2.61,6.55,1.88,6.8,3.74,-2.21,-0.37,1.83,6.58,3.8,0.72,-1.18,-0.13915,-0.23445,0.17034,-0.22492,-0.14968,-0.1964,0.21909,-0.1732,0.25042,-0.26293,-0.26293,0.08973,0.47534,-0.34354,0.39526,0.08973,0.51335,0.03801,2.4369,1.4953,-0.4772,2.8986,0.0811,2.8568,0.4837,3258.1556,0.361151266,14.35137163,14.35137163,90.88345539,90.88345539,1.343849589,1.409966275,1.391043646,1.079401906,2.387527883,2.387527883,135.987,129.421,0.319203084,1.2087097,0.0026355,-0.317806041,-0.000692952,0.003185554,2
AF,1.7,3.45,8.15,4.84,3.78,1.7,5.46,3.87,-1.08,3.07,1.7,5.88,3.5,0.76,-0.39,-0.19566,-0.24337,0.13877,-0.2428,-0.18744,-0.23435,0.20337,-0.59198,0.25866,0.67597,-0.60363,-1.26795,0.50146,-0.73075,0.38157,0.01165,0.86229,0.36083,2.4041,-2.5164,0.0832,3.4812,-3.3835,0.8149,-0.0831,3285.7044,0.060650788,0.628215447,0.091460305,98.30189079,74.18713912,1.370182289,1.406360716,1.3940086,1.077131863,2.504914835,2.931543102,102.306,72.9957,0.358804277,0.7995732,0.8083583,-0.482646371,-0.487949321,0.646341633,3
AH,1.83,3.45,8.15,4.86,3.82,1.73,6.25,3.82,-3.32,-3.45,1.81,5.88,3.49,0.72,3.38,-0.19332,-0.2325,0.12782,-0.23414,-0.18718,-0.04547,0.20293,-0.58997,0.25826,0.67471,-0.60698,-1.26468,0.4924,-0.71779,0.36196,0.01701,0.86524,0.37284,2.0469,-2.7979,0.0578,3.4672,-3.448,0.3595,-0.0576,3273.8003,0.02822931,0.632426289,0.207088138,98.560085,74.40227836,1.368623174,1.4074884,1.391449971,1.077243403,2.503328592,2.928813521,116.764,87.0066,0.358414089,0.7046937,0.7333709,-0.427734982,-0.445141469,0.516801853,3
AK,1.79,4.36,8.1,2.12,4.47,1.89,5.47,3.77,-1.03,-1.04,1.76,5.86,3.53,0.81,0.99,-0.19346,-0.05347,0.1372,-0.23575,-0.19627,-0.22682,-0.63286,-0.60081,0.25859,0.67742,-0.60346,-1.27823,0.49434,-0.73801,0.37295,0.00265,0.86205,0.36771,2.6544,-2.749,0.1515,3.8243,-3.7069,0.9282,-0.1515,3281.999,0.198685404,1.40057548,1.735180195,97.51155257,73.54161633,1.371055663,1.407912141,1.393507214,1.077026047,2.509423928,2.943298468,114.88,74.4022,0.362193673,0.3886796,0.5505772,-0.234552591,-0.332251317,0.213998126,3
AL,1.86,4.36,8.09,2.14,-0.89,1.9,6.28,3.71,-3.27,-3.4,1.89,5.86,3.52,0.78,-1.64,-0.19245,-0.04202,0.12982,-0.22741,-0.1961,-0.03808,-0.63248,-0.59902,0.25828,0.67614,-0.60651,-1.27516,0.48569,-0.72884,0.35723,0.00749,0.86479,0.3791,2.3148,-3.0049,0.0508,3.7935,-3.76,0.5002,-0.0508,3276.3771,0.063451055,0.261556594,0.42831319,97.73672118,73.70841793,1.369604607,1.408945475,1.390846914,1.077182439,2.507660208,2.940073869,129.355,87.4743,0.3617336,0.3930722,0.4378137,-0.23840222,-0.265538387,0.172092394,3
AM,2.83,4.36,9.52,2.13,7.26,2.57,5.46,5.01,-1.07,-1.06,2.01,7.14,4.7,1.22,0.99,-0.19307,-0.05514,0.14293,-0.23698,-0.19603,-0.22888,-0.63193,-0.6137,0.25698,0.69545,-0.60457,-1.30915,0.49396,-0.75663,0.37991,-0.00913,0.86155,0.36759,2.716,-2.3845,-0.253,3.623,-3.4219,1.163,0.253,3279.3538,0.457604674,4.331539994,4.484696205,97.89173025,73.84737184,1.370890793,1.406283795,1.393583582,1.077064114,2.511700203,2.935742369,150.583,81.2256,0.363358414,0.6228036,-0.0665788,-0.376528372,0.040251545,-0.041465516,3
AN,2.79,3.44,9.54,4.84,8.36,2.64,5.46,5.02,-1.1,0.27,2.01,7.12,4.6,1.29,-0.4,-0.19525,-0.24441,0.14314,-0.24408,-0.18722,-0.23609,0.203,-0.60009,0.25759,0.69309,-0.60555,-1.29318,0.50167,-0.74323,0.38722,0.00546,0.86314,0.36147,2.4836,-2.1564,-2.00E-04,3.2891,-3.1123,1.064,1.00E-04,3282.6407,0.000645601,0.009074117,0.004406996,98.56705445,74.31632452,1.37030712,1.405218628,1.394355396,1.076911468,2.507081538,2.922857406,138.344,79.9146,0.360149553,0.8173317,0.8172062,-0.494935211,-0.494859214,0.667928533,3
AO,1.82,5.39,11.93,8.82,10.47,2.05,5.49,7.91,5.07,7.29,1.74,8.74,7.06,4.18,0.99,-0.19407,-0.24831,0.14676,-0.24125,-0.18639,-0.23746,0.20251,-0.60546,0.25364,0.79383,-0.63067,-1.39929,0.49489,-0.75222,0.38801,0.02521,0.88431,0.38942,2.4868,-2.4282,-0.9946,3.6152,-3.3479,0.9318,0.9964,3281.3988,1.8748512,16.82201005,17.07400274,98.26641227,74.7328135,1.381048311,1.405272033,1.393952229,1.07725744,2.496516965,2.910885201,171.463,148.314,0.362519801,0.946787,0.0001882,-0.597110157,-0.000118692,0.000178185,3
AP,1.74,3.16,7.88,6.73,3.78,2,5.65,2.57,-2.67,-0.4,1.74,6.7,2.69,-0.32,2.69,-0.21169,-0.19804,-0.14012,-0.1662,-0.20807,-0.19714,0.20915,0.65135,0.23901,-0.61653,-0.61653,1.26788,0.40521,0.79147,0.02608,1.26788,0.85554,0.45033,0.4257,-3.1806,-1.6282,3.5984,-2.9738,-1.233,1.6076,3234.051,0.394590595,22.44504622,22.44504622,93.29687731,93.29687731,1.215231551,1.501004481,1.39100199,1.081969369,2.377492829,2.377492829,100.112,64.4397,0.310269521,1.4204943,0.2929844,-0.875777351,-0.180633672,0.41618267,3
AR,1.98,4.12,7.95,4.59,6.16,2.31,5.78,2.57,-2.44,-1.21,1.89,6.67,2.49,-0.22,-0.4,-0.21347,-0.19472,-0.13843,-0.16904,-0.20933,-0.19959,0.21684,0.65987,0.23235,-0.61585,-0.61585,1.27572,0.40139,0.7983,0.03061,1.27572,0.8482,0.44681,0.3905,-2.5136,2.5998,3.6372,-2.3877,-0.9453,-2.5759,3223.7799,2.537050804,39.78342623,39.78342623,96.5798741,96.5798741,1.217038702,1.50204735,1.390510424,1.08220637,2.357668037,2.357668037,112.098,60.3751,0.304166278,2.2168045,1.0584838,-1.365219051,-0.651867248,2.346451651,3
AU,2.01,5.46,9,6.77,6.15,2.47,5.79,2.57,-2.4,1.43,1.89,7.97,2.46,-2.13,-0.4,-0.21247,-0.19823,-0.13457,-0.17004,-0.20894,-0.20086,0.21385,0.66771,0.23127,-0.61371,-0.61371,1.28142,0.40131,0.80228,0.03547,1.28142,0.84498,0.44367,0.675,-2.5251,-2.6795,3.7433,-2.5405,-0.7059,2.6569,3225.1844,2.712698225,41.77389054,41.77389054,97.14716876,97.14716876,1.21662801,1.502798378,1.390153327,1.082225023,2.353860343,2.353860343,143.616,71.2036,0.303449963,0.9195531,2.1244351,-0.564338933,-1.303787065,1.953530882,3
AV,2.21,3.57,8.14,4.72,3.79,2.21,5.5,3.71,-0.85,-0.44,1.88,6.72,3.53,0.1,1.71,-0.19684,-0.2529,0.14295,-0.22739,-0.19148,-0.23092,0.21189,-0.42609,0.25298,0.68809,-0.59382,-1.11418,0.48037,-0.56904,0.37034,0.16773,0.8468,0.36643,2.8221,-2.3049,1.0925,3.804,-3.4088,1.2863,-1.0935,3280.1433,1.148465605,23.34977372,21.01348872,96.62349832,73.55133358,1.380599347,1.408244799,1.397849678,1.077348185,2.483342986,2.933449346,121.268,76.2702,0.362327618,1.0373367,1.9141565,-0.615991279,-1.136664413,1.985624787,3
AW,1.77,3.46,8.07,4.83,8.07,1.81,5.58,3.69,-3.62,0.31,1.74,5.88,3.5,0.73,1,-0.27948,-0.21811,0.10461,-0.21438,-0.2437,0.27804,0.2051,-0.58774,0.26085,0.67284,-0.61174,-1.26058,0.47523,-0.69235,0.31899,0.024,0.87259,0.39736,2.9965,-3.7854,0.0137,4.8279,-4.7774,0.6959,-0.0136,3274.094,0.001416359,0.272172715,0.141113708,98.43713943,74.24014345,1.366796494,1.409962198,1.395340462,1.077398119,2.50286397,2.927109135,108.022,82.637,0.359316763,0.505271,0.5055848,-0.309094482,-0.309286446,0.255457337,3
AX,2.06,3.46,11.29,7.16,10.53,2.06,5.78,5.9,3.79,4.97,1.83,8.94,5.02,2.65,2.53,-0.19542,-0.24215,0.14002,-0.24014,-0.1877,-0.23327,0.20416,-0.58677,0.257,0.66331,-0.59986,-1.25008,0.49714,-0.72679,0.38016,0.01309,0.85686,0.35972,2.6995,-2.0954,-0.3591,3.4362,-3.1676,1.2823,0.3593,3282.8431,1.137191384,8.417894086,9.06357752,98.37604024,74.40265764,1.368359982,1.40554231,1.39400888,1.077039327,2.499326612,2.924883042,160.287,130.231,0.35921776,0.9711344,0.7631776,-0.582544681,-0.457799715,0.741148021,3
AZ,1.74,3.15,6.28,2.6,3.78,1.7,5.59,2.54,-0.44,1.7,1.73,4.97,2.66,-0.41,-0.36,-0.20863,-0.20069,-0.18019,-0.15998,-0.20548,-0.18813,0.20758,0.77416,0.24076,-0.55211,-0.55211,1.32627,0.40074,0.95435,-0.02021,1.32627,0.79287,0.39213,-2.5778,-3.9637,-1.1106,4.8569,-2.1496,-4.2219,1.0698,3233.3005,0.105204226,21.4840111,21.4840111,94.01667587,94.01667587,1.194015379,1.498387345,1.391490208,1.081864057,2.372765516,2.372765516,82.19,53.0298,0.308458349,1.412525,0.2287273,-0.779869178,-0.12628263,0.323083029,4
BA_rot,1.82,3.21,7.75,6.54,7.63,1.83,5.59,2.55,-0.42,0.77,1.74,6.59,2.71,-0.59,0.98,-0.21602,-0.1681,-0.17034,-0.16057,-0.21461,-0.18747,0.23138,0.77817,0.23773,-0.59541,-0.59541,1.37358,0.3983,0.94851,-0.00977,1.37358,0.83314,0.43484,0.072,-1.9356,0.0012,1.9369,-1.714,-0.9022,-0.0012,3230.9982,0.001464488,0.040664987,0.040664987,93.1547391,93.1547391,1.202020728,1.489726766,1.391224726,1.081921408,2.384025015,2.384025015,95.683,63.8443,0.309203783,1.2684487,1.275414,-0.75524704,-0.75939425,1.61779723,4
BB,2.05,3.81,6.72,4.92,-0.86,2.23,7.31,2.77,-1.56,0.6,2,5.45,2.88,0.41,0.75,-0.20533,-0.16175,-0.38035,-0.16175,-0.20533,0.01501,0.24589,2.17874,0.2459,-0.90294,-0.90294,3.08168,0.40765,2.55909,-0.2186,3.08168,1.14884,0.74119,-4.9895,-2.8619,0.6719,5.7911,3.00E-04,-5.7517,-0.6745,3231.652,0.349368875,21.76967731,21.76967731,89.95071311,89.95071311,1.422794135,1.755326574,1.386636009,1.081738269,2.606855154,2.606855154,116.062,60.9223,0.337506988,0.8278111,0.9380646,-0.747463755,-0.84701605,0.776540288,4
BC,2.03,3.14,6.44,0.17,6.33,2.15,7.35,2.78,-1.49,0.59,2.02,5.32,2.87,-0.08,0.71,-0.20747,-0.17109,-0.36459,-0.17086,-0.20647,0.00074,0.2398,2.36134,0.23901,-0.95504,-0.95504,3.31638,0.40987,2.72593,-0.19373,3.31638,1.19405,0.78418,-2.6352,-1.4592,2.9784,4.2361,0.0469,-3.0186,-2.9715,3230.0567,1.440376946,24.53449137,24.53449137,90.00534376,90.00534376,1.431566131,1.764982287,1.387298598,1.081869663,2.588488959,2.588488959,109.686,63.3623,0.330536014,0.1939633,0.2634286,-0.18524271,-0.25158485,0.051095481,4
BD,1.72,3.35,6.85,4.35,3.78,1.4,6.41,2.83,-1.58,1.4,1.73,5.47,3.08,0.62,-0.43,-0.20233,-0.21634,-0.27444,-0.20822,-0.19721,-0.20432,0.2149,1.27962,0.25129,-0.97444,-0.97444,2.25406,0.45951,1.55406,-0.06622,2.25406,1.22573,0.76622,-0.6478,-3.5777,1.7429,4.032,-2.7811,-2.3561,-1.7238,3214.5085,0.48556912,4.597356324,4.597356324,85.9040569,85.9040569,1.483704449,1.795065897,1.384002718,1.083077003,2.642137898,2.642137898,100.059,53.7269,0.338537784,1.3378513,0.9922815,-1.303655821,-0.966918785,1.327525095,4
BE,2.19,4.02,9.16,5.09,8.02,2.13,5.54,4.19,-1.02,1.75,1.94,6.96,3.62,1.84,1.3,-0.20964,-0.19797,-0.0494,-0.17997,-0.20819,-0.21268,0.21345,-0.10831,0.22215,0.31406,-0.6615,-0.42237,0.40212,-0.05891,0.13057,0.55319,0.88365,0.48153,0.8802,1.0898,-0.5615,1.5092,0.5026,1.3093,0.5576,3235.6487,1.808385024,45.98411543,46.1176578,100.7181109,78.18699121,1.400281792,1.482420139,1.394984022,1.081161322,2.524448317,2.835554954,139.155,98.0649,0.356754333,2.7863326,1.7251504,-1.843159015,-1.14118699,4.806842799,4
BF,1.78,3.15,7.11,2.61,5.79,1.83,5.68,2.56,-2.62,-0.42,1.74,5.6,2.72,0.19,-0.19,-0.21617,-0.18123,-0.16849,-0.15781,-0.21198,-0.18758,0.21388,0.57073,0.23816,-0.53148,-0.53148,1.10221,0.39597,0.73922,-0.01068,1.10221,0.76964,0.37367,-0.5342,-3.0248,1.00E-04,3.0716,-2.3536,-1.9736,-1.00E-04,3234,0.001714268,0.001705286,0.001705286,92.16197845,92.16197845,1.207020257,1.499472486,1.393740018,1.082021845,2.355405918,2.355405918,91.2164,58.9754,0.310688828,1.2008031,1.2004893,-0.638202832,-0.638036053,1.441551273,4
BG,1.72,3.15,6.93,2.61,6.22,1.8,5.65,2.56,-2.68,0.78,1.73,5.45,2.69,0.15,-0.35,-0.21226,-0.19518,-0.15128,-0.16423,-0.20883,-0.19462,0.2103,0.65607,0.23962,-0.60004,-0.60004,1.25611,0.40385,0.80735,0.01295,1.25611,0.83966,0.43581,0.0372,-3.2506,-1.6569,3.6488,-2.8401,-1.6032,1.6361,3231.7397,0.275087301,20.47227078,20.47227078,93.10391914,93.10391914,1.211307696,1.500366604,1.391012113,1.081945202,2.374428879,2.374428879,86.9154,56.3732,0.310351053,1.4115837,0.1689256,-0.847006683,-0.101362117,0.238452623,4
BH,2.19,4.72,10.96,8.53,3.78,2.16,6.04,6,-1.86,-0.02,2.12,7.46,5.84,4.59,4.27,-0.20163,-0.20776,-0.04597,-0.20458,-0.19955,-0.21185,0.21165,0.09131,0.22773,-0.47404,-0.47404,0.56535,0.43231,0.13728,0.15861,0.56535,0.70177,0.26946,-1.735,0.0906,-1.836,2.5277,0.9475,-1.4565,1.8358,3225.0073,3.581498668,30.21242258,30.21242258,90.42416119,90.42416119,1.426196756,1.504469661,1.389826546,1.081854347,2.382615895,2.382615895,171.754,107.344,0.356870807,0.5026982,0.4902735,-0.238299055,-0.23240925,0.246459606,4
BI,1.99,5.5,9.21,7.98,6.26,1.94,6.21,5.46,2.53,4.06,2,7.56,5.84,3.11,3.45,-0.20141,-0.1952,-0.01749,-0.20758,-0.20108,-0.21092,0.22261,-0.44222,0.21962,0.58858,-0.50583,-1.0308,0.4272,-0.42473,0.19009,0.06361,0.72545,0.29825,1.0453,2.0034,1.8893,2.9455,1.2106,1.9088,-1.8886,3232.8233,3.329383564,11.22736748,30.8480632,90.64740222,77.83685525,1.529531509,1.51165053,1.390408241,1.081796335,2.581318856,3.123238617,168.076,98.3875,0.409179324,0.5747991,0.3635792,-0.290750629,-0.183909267,0.208984997,4
BJ,2.93,7.22,10.23,3.85,8.98,2.99,7.6,5.75,-1.8,-2.4,3.09,7.57,5.8,-3.63,-0.83,-0.16883,-0.2098,0.14751,-0.20123,-0.16752,-0.35136,0.23567,-0.15807,0.24666,-0.2191,-0.2191,0.06103,0.44789,-0.30558,0.34874,0.06103,0.46576,0.01787,1.4139,-3.1944,-6.1942,7.1114,-3.5048,-0.4132,6.1739,3244.883,0.302942469,39.43870506,39.43870506,94.42864392,94.42864392,1.337797781,1.420937618,1.389191492,1.0807047,2.370467643,2.370467643,229.025,117.409,0.333046031,1.6107554,2.0371484,-0.352916508,-0.446339214,3.281347786,4
BK,2.67,7.96,8.83,7.13,6.66,2.88,8.14,5.24,-2.41,2.95,3.33,7.68,6.34,4.64,3.49,-0.15298,-0.20235,-0.01594,-0.18652,-0.1496,-0.16452,0.21869,-0.07279,0.24223,-0.18245,-0.29701,0.10966,0.42875,-0.05685,0.17058,0.22422,0.53924,0.11049,3.2913,-2.0638,-1.087,4.034,-3.4308,1.8226,1.0868,3220.5823,0.119117246,74.70168767,50.84985174,107.1383299,81.46493825,1.454943715,1.516793844,1.393039112,1.081982363,2.445240846,2.989021049,219.492,99.8174,0.446730572,0.4083835,0.507781,-0.121293983,-0.150816035,0.207369382,4
NM1,1.83,4.34,6.88,2.29,3.77,2.24,5.61,2.56,-0.35,0.84,1.96,5.69,2.72,-2.29,0.97,-0.21322,0.00735,-0.16451,-0.15304,-0.21905,-0.18358,-0.42436,0.65729,0.24074,-0.60969,-0.60969,1.26698,0.39378,0.8218,-0.01147,1.26698,0.85043,0.45665,0.4603,-4.0185,-0.9999,4.1665,-3.7151,-1.6043,0.992,3233.3445,0.251244017,10.19003107,10.19003107,93.26692002,93.26692002,1.214106825,1.496745972,1.389831549,1.08215687,2.381029396,2.381029396,107.022,63.4482,0.309972512,3.249184,3.4218747,-1.980994993,-2.086282786,11.11830053,4
NM2,2.15,3.57,9.11,4.42,8.04,2.46,5.53,4.01,-2.75,1,1.97,6.94,3.74,1.77,1,-0.20233,-0.24281,0.1448,-0.1986,-0.19977,-0.22252,0.21214,-0.44927,0.23601,0.6866,-0.60662,-1.13587,0.43461,-0.59407,0.3434,0.15735,0.84263,0.40802,2.7289,-1.3263,-2.4574,3.9045,-2.5137,1.6999,2.4569,3260.3606,2.751360529,44.81507673,44.63963127,98.43283502,77.64169798,1.379845535,1.424853279,1.394089516,1.078859566,2.428821382,2.753019107,131.658,71.7977,0.355577944,1.1480922,1.7303588,-0.69645569,-1.049670255,1.986611441,4